{"schema":{"folders":{"ultimate_icon_fonts":"Ultimate_VC_Addons\/icon-fonts"}},"theme_options":[],"the7_dashboard_settings":{"settings-preset":"gutenberg","mega-menu":false,"elementor-buttons-integration":false,"elementor-theme-style":false,"elementor-the7-typography-fix":false,"elementor-zero-paragraph-last-spacing":false,"elementor-canvas":false,"the7-icons-for-elementor":false,"legacy-elementor-theme-features":false,"deprecated_mega_menu_settings":false,"portfolio":false,"portfolio-breadcrumbs-text":"","testimonials":false,"team":false,"logos":false,"benefits":false,"albums":false,"slideshow":false},"wp_settings":{"show_on_front":"page","page_on_front":"25","page_for_posts":"79"},"widgets_settings":{"widget_block":{"2":{"content":"<!-- wp:search \/-->"},"3":{"content":"<!-- wp:group --><div class=\"wp-block-group\"><!-- wp:heading --><h2>Recent Posts<\/h2><!-- \/wp:heading --><!-- wp:latest-posts \/--><\/div><!-- \/wp:group -->"},"4":{"content":"<!-- wp:group --><div class=\"wp-block-group\"><!-- wp:heading --><h2>Recent Comments<\/h2><!-- \/wp:heading --><!-- wp:latest-comments {\"displayAvatar\":false,\"displayDate\":false,\"displayExcerpt\":false} \/--><\/div><!-- \/wp:group -->"},"5":{"content":"<!-- wp:group --><div class=\"wp-block-group\"><!-- wp:heading --><h2>Archives<\/h2><!-- \/wp:heading --><!-- wp:archives \/--><\/div><!-- \/wp:group -->"},"6":{"content":"<!-- wp:group --><div class=\"wp-block-group\"><!-- wp:heading --><h2>Categories<\/h2><!-- \/wp:heading --><!-- wp:categories \/--><\/div><!-- \/wp:group -->"},"_multiwidget":1},"sidebars_widgets":{"wp_inactive_widgets":["block-2","block-3","block-4","block-5","block-6"],"sidebar_1":[],"sidebar_2":[],"array_version":3}},"nav_menu_locations":[],"ultimate_selected_google_fonts":false,"ultimate_icon_fonts":[],"the7_fontawesome_version":false,"fse_version":"4","site_identity":{"custom_logo":8662,"site_icon":8526},"revolution_sliders":[],"vc_settings":[]}