<?xml version="1.0" encoding="UTF-8" ?>
<!-- generator="WordPress/6.8.2" created="2025-09-19 11:09" -->
<rss version="2.0"
	 xmlns:excerpt="http://wordpress.org/export/1.2/excerpt/"
	 xmlns:content="http://purl.org/rss/1.0/modules/content/"
	 xmlns:wfw="http://wellformedweb.org/CommentAPI/"
	 xmlns:dc="http://purl.org/dc/elements/1.1/"
	 xmlns:wp="http://wordpress.org/export/1.2/"
>

	<channel>
		<title>The7 - Coming Soon Minimal</title>
		<link>https://the7.io/coming-soon-01</link>
		<description>The7 - Coming Soon Minimal</description>
		<pubDate>Fri, 19 Sep 2025 11:09:49 +0000</pubDate>
		<language>en-US</language>
		<wp:wxr_version>1.2</wp:wxr_version>
		<wp:base_site_url>https://the7.io/</wp:base_site_url>
		<wp:base_blog_url>https://the7.io/coming-soon-01</wp:base_blog_url>

			<wp:category>
			<wp:term_id>1</wp:term_id>
			<wp:category_nicename><![CDATA[uncategorised]]></wp:category_nicename>
			<wp:category_parent><![CDATA[]]></wp:category_parent>
			<wp:cat_name><![CDATA[Uncategorised]]></wp:cat_name>
		</wp:category>
				
	<generator>https://wordpress.org/?v=6.8.2</generator>

			<item>
			<title><![CDATA[Coming Soon Simple]]></title>
			<link>https://the7.io/coming-soon-01/coming-soon-simple/</link>
			<pubDate>Tue, 13 Dec 2016 09:04:04 +0000</pubDate>
			<dc:creator><![CDATA[admin]]></dc:creator>
			<guid isPermaLink="false">https://the7.io/coming-soon/?page_id=2</guid>
			<description></description>
			<content:encoded><![CDATA[[vc_row type="vc_default" full_width="stretch_row" full_height="yes" bg_type="image" parallax_style="vcpb-default" bg_image_new="id^135|url^https://the7.io/coming-soon-01/wp-content/uploads/sites/34/2016/12/coming-soon-the7-bg-90.jpg|caption^null|alt^null|title^coming-soon-the7-bg-90|description^null" bg_image_repeat="no-repeat" bg_img_attach="fixed" bg_override="ex-full" enable_overlay="enable_overlay_value" overlay_color="rgba(0,0,0,0.5)" css=".vc_custom_1481711413990{background-color: #000000 !important;}"][vc_column width="5/6" css=".vc_custom_1481707188572{margin-top: 20px !important;margin-right: 20px !important;margin-bottom: 20px !important;margin-left: 20px !important;border-top-width: 9px !important;border-right-width: 9px !important;border-bottom-width: 9px !important;border-left-width: 9px !important;padding-top: 60px !important;padding-right: 60px !important;padding-bottom: 45px !important;padding-left: 60px !important;border-left-color: rgba(255,255,255,0.3) !important;border-left-style: double !important;border-right-color: rgba(255,255,255,0.3) !important;border-right-style: double !important;border-top-color: rgba(255,255,255,0.3) !important;border-top-style: double !important;border-bottom-color: rgba(255,255,255,0.3) !important;border-bottom-style: double !important;}" offset="vc_col-lg-offset-3 vc_col-lg-6 vc_col-md-offset-2 vc_col-md-8 vc_col-sm-offset-1"][dt_fancy_image image_id="97" width="98" height="98" align="center" css=".vc_custom_1481706653209{padding-bottom: 30px !important;}"][ultimate_heading main_heading="OUR WEBSITE IS COMING SOON" main_heading_color="#ffffff" sub_heading_color="rgba(255,255,255,0.5)" main_heading_margin="margin-bottom:15px;" main_heading_font_size="desktop:28px;" main_heading_line_height="desktop:38px;" sub_heading_font_size="desktop:14px;" sub_heading_line_height="desktop:26px;" sub_heading_margin="margin-bottom:50px;"]Lorem ipsum dolor sit amet adipiscing elit. Mauris porttitor id, lobortis tempor. Donec sapien diam aliquet in ultricies.[/ultimate_heading][ult_countdown count_style="ult-cd-s2" datetime="2017/12/31 17:09:50" countdown_opts="sday,shr,smin,ssec" tick_col="#ffffff" tick_sep_col="rgba(255,255,255,0.5)" br_time_space="" tick_size="desktop:40px;mobile_landscape:30px;" tick_line_height="desktop:40px;mobile_landscape:30px;" tick_sep_size="desktop:14px;" tick_sep_line_height="desktop:26px;" css_countdown=".vc_custom_1481706901757{margin-top: 0px !important;margin-right: 0px !important;margin-bottom: 0px !important;margin-left: 0px !important;padding-top: 0px !important;padding-right: 0px !important;padding-bottom: 0px !important;padding-left: 0px !important;}"][/vc_column][/vc_row]]]></content:encoded>
			<excerpt:encoded><![CDATA[]]></excerpt:encoded>
			<wp:post_id>2</wp:post_id>
			<wp:post_date><![CDATA[2016-12-13 09:04:04]]></wp:post_date>
			<wp:post_date_gmt><![CDATA[2016-12-13 09:04:04]]></wp:post_date_gmt>
			<wp:post_modified><![CDATA[2016-12-14 20:08:26]]></wp:post_modified>
			<wp:post_modified_gmt><![CDATA[2016-12-14 20:08:26]]></wp:post_modified_gmt>
			<wp:comment_status><![CDATA[closed]]></wp:comment_status>
			<wp:ping_status><![CDATA[closed]]></wp:ping_status>
			<wp:post_name><![CDATA[coming-soon-simple]]></wp:post_name>
			<wp:status><![CDATA[publish]]></wp:status>
			<wp:post_parent>0</wp:post_parent>
			<wp:menu_order>10</wp:menu_order>
			<wp:post_type><![CDATA[page]]></wp:post_type>
			<wp:post_password><![CDATA[]]></wp:post_password>
			<wp:is_sticky>0</wp:is_sticky>
													<wp:postmeta>
					<wp:meta_key><![CDATA[_wp_page_template]]></wp:meta_key>
					<wp:meta_value><![CDATA[template-microsite.php]]></wp:meta_value>
				</wp:postmeta>
							<wp:postmeta>
					<wp:meta_key><![CDATA[_dt_sidebar_position]]></wp:meta_key>
					<wp:meta_value><![CDATA[disabled]]></wp:meta_value>
				</wp:postmeta>
							<wp:postmeta>
					<wp:meta_key><![CDATA[_dt_sidebar_widgetarea_id]]></wp:meta_key>
					<wp:meta_value><![CDATA[sidebar_1]]></wp:meta_value>
				</wp:postmeta>
							<wp:postmeta>
					<wp:meta_key><![CDATA[_dt_sidebar_hide_on_mobile]]></wp:meta_key>
					<wp:meta_value><![CDATA[0]]></wp:meta_value>
				</wp:postmeta>
							<wp:postmeta>
					<wp:meta_key><![CDATA[_dt_footer_show]]></wp:meta_key>
					<wp:meta_value><![CDATA[0]]></wp:meta_value>
				</wp:postmeta>
							<wp:postmeta>
					<wp:meta_key><![CDATA[_dt_footer_widgetarea_id]]></wp:meta_key>
					<wp:meta_value><![CDATA[sidebar_2]]></wp:meta_value>
				</wp:postmeta>
							<wp:postmeta>
					<wp:meta_key><![CDATA[_dt_footer_hide_on_mobile]]></wp:meta_key>
					<wp:meta_value><![CDATA[0]]></wp:meta_value>
				</wp:postmeta>
							<wp:postmeta>
					<wp:meta_key><![CDATA[_dt_header_title]]></wp:meta_key>
					<wp:meta_value><![CDATA[disabled]]></wp:meta_value>
				</wp:postmeta>
							<wp:postmeta>
					<wp:meta_key><![CDATA[_dt_header_background]]></wp:meta_key>
					<wp:meta_value><![CDATA[normal]]></wp:meta_value>
				</wp:postmeta>
							<wp:postmeta>
					<wp:meta_key><![CDATA[_dt_header_background_below_slideshow]]></wp:meta_key>
					<wp:meta_value><![CDATA[disabled]]></wp:meta_value>
				</wp:postmeta>
							<wp:postmeta>
					<wp:meta_key><![CDATA[_dt_header_transparent_bg_color]]></wp:meta_key>
					<wp:meta_value><![CDATA[#000000]]></wp:meta_value>
				</wp:postmeta>
							<wp:postmeta>
					<wp:meta_key><![CDATA[_dt_header_transparent_bg_opacity]]></wp:meta_key>
					<wp:meta_value><![CDATA[50]]></wp:meta_value>
				</wp:postmeta>
							<wp:postmeta>
					<wp:meta_key><![CDATA[_dt_header_transparent_bg_color_scheme]]></wp:meta_key>
					<wp:meta_value><![CDATA[light]]></wp:meta_value>
				</wp:postmeta>
							<wp:postmeta>
					<wp:meta_key><![CDATA[_dt_header_disabled_background]]></wp:meta_key>
					<wp:meta_value><![CDATA[normal]]></wp:meta_value>
				</wp:postmeta>
							<wp:postmeta>
					<wp:meta_key><![CDATA[_dt_header_disabled_transparent_bg_color]]></wp:meta_key>
					<wp:meta_value><![CDATA[#000000]]></wp:meta_value>
				</wp:postmeta>
							<wp:postmeta>
					<wp:meta_key><![CDATA[_dt_header_disabled_transparent_bg_opacity]]></wp:meta_key>
					<wp:meta_value><![CDATA[50]]></wp:meta_value>
				</wp:postmeta>
							<wp:postmeta>
					<wp:meta_key><![CDATA[_dt_header_disabled_transparent_bg_color_scheme]]></wp:meta_key>
					<wp:meta_value><![CDATA[light]]></wp:meta_value>
				</wp:postmeta>
							<wp:postmeta>
					<wp:meta_key><![CDATA[_dt_page_overrides_top_margin]]></wp:meta_key>
					<wp:meta_value><![CDATA[0px]]></wp:meta_value>
				</wp:postmeta>
							<wp:postmeta>
					<wp:meta_key><![CDATA[_dt_page_overrides_bottom_margin]]></wp:meta_key>
					<wp:meta_value><![CDATA[0px]]></wp:meta_value>
				</wp:postmeta>
							<wp:postmeta>
					<wp:meta_key><![CDATA[_dt_microsite_page_layout]]></wp:meta_key>
					<wp:meta_value><![CDATA[wide]]></wp:meta_value>
				</wp:postmeta>
							<wp:postmeta>
					<wp:meta_key><![CDATA[_dt_microsite_hidden_parts]]></wp:meta_key>
					<wp:meta_value><![CDATA[header]]></wp:meta_value>
				</wp:postmeta>
							<wp:postmeta>
					<wp:meta_key><![CDATA[_dt_microsite_hidden_parts]]></wp:meta_key>
					<wp:meta_value><![CDATA[floating_menu]]></wp:meta_value>
				</wp:postmeta>
							<wp:postmeta>
					<wp:meta_key><![CDATA[_dt_microsite_hidden_parts]]></wp:meta_key>
					<wp:meta_value><![CDATA[bottom_bar]]></wp:meta_value>
				</wp:postmeta>
							<wp:postmeta>
					<wp:meta_key><![CDATA[_dt_microsite_page_loading]]></wp:meta_key>
					<wp:meta_value><![CDATA[enabled]]></wp:meta_value>
				</wp:postmeta>
							<wp:postmeta>
					<wp:meta_key><![CDATA[_wpb_shortcodes_custom_css]]></wp:meta_key>
					<wp:meta_value><![CDATA[.vc_custom_1481711413990{background-color: #000000 !important;}.vc_custom_1481707188572{margin-top: 20px !important;margin-right: 20px !important;margin-bottom: 20px !important;margin-left: 20px !important;border-top-width: 9px !important;border-right-width: 9px !important;border-bottom-width: 9px !important;border-left-width: 9px !important;padding-top: 60px !important;padding-right: 60px !important;padding-bottom: 45px !important;padding-left: 60px !important;border-left-color: rgba(255,255,255,0.3) !important;border-left-style: double !important;border-right-color: rgba(255,255,255,0.3) !important;border-right-style: double !important;border-top-color: rgba(255,255,255,0.3) !important;border-top-style: double !important;border-bottom-color: rgba(255,255,255,0.3) !important;border-bottom-style: double !important;}.vc_custom_1481706653209{padding-bottom: 30px !important;}]]></wp:meta_value>
				</wp:postmeta>
							<wp:postmeta>
					<wp:meta_key><![CDATA[_wpb_shortcodes_custom_css_updated]]></wp:meta_key>
					<wp:meta_value><![CDATA[1]]></wp:meta_value>
				</wp:postmeta>
							<wp:postmeta>
					<wp:meta_key><![CDATA[_wpb_vc_js_status]]></wp:meta_key>
					<wp:meta_value><![CDATA[true]]></wp:meta_value>
				</wp:postmeta>
							<wp:postmeta>
					<wp:meta_key><![CDATA[_vc_post_settings]]></wp:meta_key>
					<wp:meta_value><![CDATA[a:1:{s:10:"vc_grid_id";a:0:{}}]]></wp:meta_value>
				</wp:postmeta>
							<wp:postmeta>
					<wp:meta_key><![CDATA[_dt_microsite_favicon_type]]></wp:meta_key>
					<wp:meta_value><![CDATA[custom]]></wp:meta_value>
				</wp:postmeta>
							<wp:postmeta>
					<wp:meta_key><![CDATA[_dt_mobile_page_padding_top]]></wp:meta_key>
					<wp:meta_value><![CDATA[0px]]></wp:meta_value>
				</wp:postmeta>
							<wp:postmeta>
					<wp:meta_key><![CDATA[_dt_mobile_page_padding_bottom]]></wp:meta_key>
					<wp:meta_value><![CDATA[0px]]></wp:meta_value>
				</wp:postmeta>
							<wp:postmeta>
					<wp:meta_key><![CDATA[the7_fancy_title_css]]></wp:meta_key>
					<wp:meta_value><![CDATA[#main {
  padding-top: 0px;
  padding-bottom: 0px;
}
@media screen and (max-width: 778px) {
  #main {
    padding-top: 0px;
    padding-bottom: 0px;
  }
}
]]></wp:meta_value>
				</wp:postmeta>
							<wp:postmeta>
					<wp:meta_key><![CDATA[the7_exporter_post_resources]]></wp:meta_key>
					<wp:meta_value><![CDATA[a:2:{i:0;i:97;i:1;i:135;}]]></wp:meta_value>
				</wp:postmeta>
					</item>
						<item>
			<title><![CDATA[logo-c-s]]></title>
			<link>https://the7.io/coming-soon-01/coming-soon-simple/logo-c-s/</link>
			<pubDate>Wed, 14 Dec 2016 09:00:46 +0000</pubDate>
			<dc:creator><![CDATA[admin]]></dc:creator>
			<guid isPermaLink="false">https://the7.io/coming-soon-01/wp-content/uploads/sites/34/2016/12/logo-c-s.png</guid>
			<description></description>
			<content:encoded><![CDATA[]]></content:encoded>
			<excerpt:encoded><![CDATA[]]></excerpt:encoded>
			<wp:post_id>97</wp:post_id>
			<wp:post_date><![CDATA[2016-12-14 09:00:46]]></wp:post_date>
			<wp:post_date_gmt><![CDATA[2016-12-14 09:00:46]]></wp:post_date_gmt>
			<wp:post_modified><![CDATA[2016-12-14 09:00:46]]></wp:post_modified>
			<wp:post_modified_gmt><![CDATA[2016-12-14 09:00:46]]></wp:post_modified_gmt>
			<wp:comment_status><![CDATA[open]]></wp:comment_status>
			<wp:ping_status><![CDATA[closed]]></wp:ping_status>
			<wp:post_name><![CDATA[logo-c-s]]></wp:post_name>
			<wp:status><![CDATA[inherit]]></wp:status>
			<wp:post_parent>2</wp:post_parent>
			<wp:menu_order>0</wp:menu_order>
			<wp:post_type><![CDATA[attachment]]></wp:post_type>
			<wp:post_password><![CDATA[]]></wp:post_password>
			<wp:is_sticky>0</wp:is_sticky>
							<wp:attachment_url><![CDATA[https://the7.io/coming-soon-01/wp-content/uploads/sites/34/2016/12/logo-c-s.png]]></wp:attachment_url>
													<wp:postmeta>
					<wp:meta_key><![CDATA[_wp_attached_file]]></wp:meta_key>
					<wp:meta_value><![CDATA[2016/12/logo-c-s.png]]></wp:meta_value>
				</wp:postmeta>
							<wp:postmeta>
					<wp:meta_key><![CDATA[_wp_attachment_metadata]]></wp:meta_key>
					<wp:meta_value><![CDATA[a:5:{s:5:"width";i:98;s:6:"height";i:98;s:4:"file";s:20:"2016/12/logo-c-s.png";s:5:"sizes";a:0:{}s:10:"image_meta";a:12:{s:8:"aperture";s:1:"0";s:6:"credit";s:0:"";s:6:"camera";s:0:"";s:7:"caption";s:0:"";s:17:"created_timestamp";s:1:"0";s:9:"copyright";s:0:"";s:12:"focal_length";s:1:"0";s:3:"iso";s:1:"0";s:13:"shutter_speed";s:1:"0";s:5:"title";s:0:"";s:11:"orientation";s:1:"0";s:8:"keywords";a:0:{}}}]]></wp:meta_value>
				</wp:postmeta>
					</item>
						<item>
			<title><![CDATA[the7-new-fav-hd1]]></title>
			<link>https://the7.io/coming-soon-01/the7-new-fav-hd1/</link>
			<pubDate>Tue, 13 Dec 2016 18:00:03 +0000</pubDate>
			<dc:creator><![CDATA[admin]]></dc:creator>
			<guid isPermaLink="false">https://the7.io/coming-soon-01/wp-content/uploads/sites/34/2016/12/the7-new-fav-hd1.gif</guid>
			<description></description>
			<content:encoded><![CDATA[]]></content:encoded>
			<excerpt:encoded><![CDATA[]]></excerpt:encoded>
			<wp:post_id>73</wp:post_id>
			<wp:post_date><![CDATA[2016-12-13 18:00:03]]></wp:post_date>
			<wp:post_date_gmt><![CDATA[2016-12-13 18:00:03]]></wp:post_date_gmt>
			<wp:post_modified><![CDATA[2016-12-13 18:00:03]]></wp:post_modified>
			<wp:post_modified_gmt><![CDATA[2016-12-13 18:00:03]]></wp:post_modified_gmt>
			<wp:comment_status><![CDATA[open]]></wp:comment_status>
			<wp:ping_status><![CDATA[closed]]></wp:ping_status>
			<wp:post_name><![CDATA[the7-new-fav-hd1]]></wp:post_name>
			<wp:status><![CDATA[inherit]]></wp:status>
			<wp:post_parent>0</wp:post_parent>
			<wp:menu_order>0</wp:menu_order>
			<wp:post_type><![CDATA[attachment]]></wp:post_type>
			<wp:post_password><![CDATA[]]></wp:post_password>
			<wp:is_sticky>0</wp:is_sticky>
							<wp:attachment_url><![CDATA[https://the7.io/coming-soon-01/wp-content/uploads/sites/34/2016/12/the7-new-fav-hd1.gif]]></wp:attachment_url>
													<wp:postmeta>
					<wp:meta_key><![CDATA[_wp_attached_file]]></wp:meta_key>
					<wp:meta_value><![CDATA[2016/12/the7-new-fav-hd1.gif]]></wp:meta_value>
				</wp:postmeta>
							<wp:postmeta>
					<wp:meta_key><![CDATA[_wp_attachment_metadata]]></wp:meta_key>
					<wp:meta_value><![CDATA[a:5:{s:5:"width";i:32;s:6:"height";i:32;s:4:"file";s:28:"2016/12/the7-new-fav-hd1.gif";s:5:"sizes";a:0:{}s:10:"image_meta";a:12:{s:8:"aperture";s:1:"0";s:6:"credit";s:0:"";s:6:"camera";s:0:"";s:7:"caption";s:0:"";s:17:"created_timestamp";s:1:"0";s:9:"copyright";s:0:"";s:12:"focal_length";s:1:"0";s:3:"iso";s:1:"0";s:13:"shutter_speed";s:1:"0";s:5:"title";s:0:"";s:11:"orientation";s:1:"0";s:8:"keywords";a:0:{}}}]]></wp:meta_value>
				</wp:postmeta>
					</item>
						<item>
			<title><![CDATA[the7-new-fav1]]></title>
			<link>https://the7.io/coming-soon-01/the7-new-fav1/</link>
			<pubDate>Tue, 13 Dec 2016 18:00:04 +0000</pubDate>
			<dc:creator><![CDATA[admin]]></dc:creator>
			<guid isPermaLink="false">https://the7.io/coming-soon-01/wp-content/uploads/sites/34/2016/12/the7-new-fav1.gif</guid>
			<description></description>
			<content:encoded><![CDATA[]]></content:encoded>
			<excerpt:encoded><![CDATA[]]></excerpt:encoded>
			<wp:post_id>74</wp:post_id>
			<wp:post_date><![CDATA[2016-12-13 18:00:04]]></wp:post_date>
			<wp:post_date_gmt><![CDATA[2016-12-13 18:00:04]]></wp:post_date_gmt>
			<wp:post_modified><![CDATA[2016-12-13 18:00:04]]></wp:post_modified>
			<wp:post_modified_gmt><![CDATA[2016-12-13 18:00:04]]></wp:post_modified_gmt>
			<wp:comment_status><![CDATA[open]]></wp:comment_status>
			<wp:ping_status><![CDATA[closed]]></wp:ping_status>
			<wp:post_name><![CDATA[the7-new-fav1]]></wp:post_name>
			<wp:status><![CDATA[inherit]]></wp:status>
			<wp:post_parent>0</wp:post_parent>
			<wp:menu_order>0</wp:menu_order>
			<wp:post_type><![CDATA[attachment]]></wp:post_type>
			<wp:post_password><![CDATA[]]></wp:post_password>
			<wp:is_sticky>0</wp:is_sticky>
							<wp:attachment_url><![CDATA[https://the7.io/coming-soon-01/wp-content/uploads/sites/34/2016/12/the7-new-fav1.gif]]></wp:attachment_url>
													<wp:postmeta>
					<wp:meta_key><![CDATA[_wp_attached_file]]></wp:meta_key>
					<wp:meta_value><![CDATA[2016/12/the7-new-fav1.gif]]></wp:meta_value>
				</wp:postmeta>
							<wp:postmeta>
					<wp:meta_key><![CDATA[_wp_attachment_metadata]]></wp:meta_key>
					<wp:meta_value><![CDATA[a:5:{s:5:"width";i:16;s:6:"height";i:16;s:4:"file";s:25:"2016/12/the7-new-fav1.gif";s:5:"sizes";a:0:{}s:10:"image_meta";a:12:{s:8:"aperture";s:1:"0";s:6:"credit";s:0:"";s:6:"camera";s:0:"";s:7:"caption";s:0:"";s:17:"created_timestamp";s:1:"0";s:9:"copyright";s:0:"";s:12:"focal_length";s:1:"0";s:3:"iso";s:1:"0";s:13:"shutter_speed";s:1:"0";s:5:"title";s:0:"";s:11:"orientation";s:1:"0";s:8:"keywords";a:0:{}}}]]></wp:meta_value>
				</wp:postmeta>
					</item>
						<item>
			<title><![CDATA[Coming Soon Navigation]]></title>
			<link>https://the7.io/coming-soon-01/</link>
			<pubDate>Wed, 14 Dec 2016 17:26:28 +0000</pubDate>
			<dc:creator><![CDATA[admin]]></dc:creator>
			<guid isPermaLink="false">https://the7.io/coming-soon-01/?page_id=137</guid>
			<description></description>
			<content:encoded><![CDATA[<p>[vc_row full_width="stretch_row" full_height="yes" bg_type="image" parallax_style="vcpb-default" bg_image_new="id^135|url^https://the7.io/coming-soon-01/wp-content/uploads/sites/34/2016/12/coming-soon-the7-bg-90.jpg|caption^null|alt^null|title^coming-soon-the7-bg-90|description^null" bg_image_repeat="no-repeat" bg_img_attach="fixed" bg_override="ex-full" enable_overlay="enable_overlay_value" overlay_color="rgba(0,0,0,0.45)" type="vc_default" css=".vc_custom_1481745366869{background-color: #000000 !important;}" el_id="counter"][vc_column width="5/6" css=".vc_custom_1511360735758{margin-right: 20px !important;margin-left: 20px !important;border-top-width: 0px !important;border-right-width: 0px !important;border-bottom-width: 0px !important;border-left-width: 0px !important;padding-top: 55px !important;padding-right: 50px !important;padding-bottom: 60px !important;padding-left: 50px !important;background-color: rgba(255,255,255,0.1) !important;*background-color: rgb(255,255,255) !important;border-left-color: #ffffff !important;border-left-style: solid !important;border-right-color: #ffffff !important;border-right-style: solid !important;border-top-color: #ffffff !important;border-top-style: solid !important;border-bottom-color: #ffffff !important;border-bottom-style: solid !important;}" offset="vc_col-lg-offset-2 vc_col-lg-8 vc_col-md-offset-2 vc_col-md-8 vc_col-sm-offset-1"][dt_fancy_image image_id="97" width="98" height="98" css=".vc_custom_1481706653209{padding-bottom: 30px !important;}"][ultimate_heading main_heading="OUR WEBSITE IS COMING SOON" main_heading_color="#ffffff" sub_heading_color="rgba(255,255,255,0.5)" main_heading_margin="margin-bottom:15px;" main_heading_font_size="desktop:34px;" main_heading_line_height="desktop:44px;" sub_heading_font_size="desktop:16px;" sub_heading_line_height="desktop:28px;" sub_heading_margin="margin-bottom:45px;"]Lorem ipsum dolor sit amet adipiscing elit. Mauris porttitor id, lobortis tempor. Donec sapien diam aliquet in ultricies.[/ultimate_heading][ult_countdown count_style="ult-cd-s2" datetime="2026/07/07 01:01:01" countdown_opts="sday,shr,smin,ssec" br_time_space="" tick_col="#ffffff" tick_sep_col="rgba(255,255,255,0.5)" tick_sep_style="bold" tick_size="desktop:46px;mobile_landscape:30px;" tick_line_height="desktop:46px;mobile_landscape:30px;" tick_sep_size="desktop:13px;" tick_sep_line_height="desktop:23px;" css_countdown=".vc_custom_1752482419766{margin-top: 0px !important;margin-right: 0px !important;margin-bottom: 0px !important;margin-left: 0px !important;padding-top: 0px !important;padding-right: 0px !important;padding-bottom: 40px !important;padding-left: 0px !important;}"][ult_dualbutton btn_border_style="solid" btn_color_border="#ffffff" btn_border_size="2" el_class="anchor-link" button1_text="Contact Us" icon_link="url:%23!%2Fcontact|||" btn1_background_color="rgba(0,0,0,0.01)" btn1_bghovercolor="rgba(255,255,255,0.2)" button2_text="Subscribe" btn_icon_link="url:%23!%2Fsubscribe|||" btn2_background_color="rgba(0,0,0,0.01)" btn2_bghovercolor="rgba(255,255,255,0.2)" divider_text="OR" divider_text_color="#111111" divider_bg_color="#ffffff" btn1_text_color="#ffffff" btn1_text_hovercolor="#ffffff" btn2_text_color="#ffffff" btn2_text_hovercolor="#ffffff" btn_width="200" btn_border_radius="100" title_font_size="desktop:16px;" title_line_ht="desktop:26px;" btn1_heading_style="font-weight:700;" btn2_heading_style="font-weight:700;" css_dualbtn_design=".vc_custom_1495554765384{margin-top: 0px !important;margin-right: 0px !important;margin-bottom: 0px !important;margin-left: 0px !important;padding-top: 0px !important;padding-right: 0px !important;padding-bottom: 0px !important;padding-left: 0px !important;}" btn1_font_family="font_family:Roboto|font_call:Roboto|variant:700" btn2_font_family="font_family:Roboto|font_call:Roboto|variant:700"][/vc_column][/vc_row][vc_row full_width="stretch_row" full_height="yes" bg_type="image" parallax_style="vcpb-default" bg_image_new="id^135|url^https://the7.io/coming-soon-01/wp-content/uploads/sites/34/2016/12/coming-soon-the7-bg-90.jpg|caption^null|alt^null|title^coming-soon-the7-bg-90|description^null" bg_image_repeat="no-repeat" bg_img_attach="fixed" bg_override="ex-full" enable_overlay="enable_overlay_value" overlay_color="rgba(0,0,0,0.45)" type="vc_default" css=".vc_custom_1481745378436{background-color: #000000 !important;}" el_id="contact"][vc_column width="5/6" css=".vc_custom_1511360697431{margin-right: 20px !important;margin-left: 20px !important;border-top-width: 0px !important;border-right-width: 0px !important;border-bottom-width: 0px !important;border-left-width: 0px !important;padding-top: 55px !important;padding-right: 50px !important;padding-bottom: 0px !important;padding-left: 50px !important;background-color: rgba(255,255,255,0.1) !important;*background-color: rgb(255,255,255) !important;border-left-color: #ffffff !important;border-left-style: solid !important;border-right-color: #ffffff !important;border-right-style: solid !important;border-top-color: #ffffff !important;border-top-style: solid !important;border-bottom-color: #ffffff !important;border-bottom-style: solid !important;}" offset="vc_col-lg-offset-2 vc_col-lg-8 vc_col-md-offset-2 vc_col-md-8 vc_col-sm-offset-1"][ultimate_heading main_heading="CONTACT US" main_heading_color="#ffffff" sub_heading_color="rgba(255,255,255,0.5)" spacer="line_only" spacer_position="middle" line_height="3" main_heading_margin="margin-bottom:10px;" main_heading_font_size="desktop:34px;" main_heading_line_height="desktop:44px;" sub_heading_font_size="desktop:16px;" sub_heading_line_height="desktop:28px;" line_width="80" spacer_margin="margin-bottom:60px;" el_class="accent-border-color"][/ultimate_heading][vc_row_inner css=".vc_custom_1511360614807{margin-bottom: 50px !important;}"][vc_column_inner width="1/2"][bsf-info-box icon="none" icon_size="16" icon_color="rgba(255,255,255,0.5)" title="Phone number" title_font_style="font-weight:bold;" title_font_size="desktop:13px;" title_font_line_height="desktop:15px;" title_font_color="rgba(255,255,255,0.5)" desc_font_size="desktop:24px;" desc_font_line_height="desktop:26px;" desc_font_color="#ffffff" css_info_box=".vc_custom_1481742507724{margin-top: 0px !important;margin-bottom: 0px !important;padding-top: 0px !important;padding-bottom: 30px !important;}"]+999 123 456 89[/bsf-info-box][bsf-info-box icon="none" icon_size="16" icon_color="rgba(255,255,255,0.5)" title="Email" title_font_style="font-weight:bold;" title_font_size="desktop:13px;" title_font_line_height="desktop:15px;" title_font_color="rgba(255,255,255,0.5)" desc_font_size="desktop:16px;" desc_font_line_height="desktop:26px;" desc_font_color="#ffffff" css_info_box=".vc_custom_1481742512841{margin-top: 0px !important;margin-bottom: 0px !important;padding-top: 0px !important;padding-bottom: 30px !important;}"]hello@dream-theme.com[/bsf-info-box][bsf-info-box icon="none" icon_size="16" icon_color="rgba(255,255,255,0.5)" title="Address" title_font_style="font-weight:bold;" title_font_size="desktop:13px;" title_font_line_height="desktop:15px;" title_font_color="rgba(255,255,255,0.5)" desc_font_size="desktop:16px;" desc_font_line_height="desktop:26px;" desc_font_color="#ffffff" css_info_box=".vc_custom_1481742517909{margin-top: 0px !important;margin-bottom: 0px !important;padding-top: 0px !important;padding-bottom: 40px !important;}"]121 Rock Sreet, 21 Avenue, New York,<br />
NY 92103-9000[/bsf-info-box][ultimate_icons css_icon=".vc_custom_1511360779107{margin-bottom: 0px !important;}"][single_icon icon="icomoon-free-social-contact-16x16-facebook" icon_size="16" icon_margin="5" icon_color="#ffffff" icon_style="advanced" icon_color_bg="" icon_border_style="solid" icon_color_border="#ffffff" icon_border_size="2" icon_border_radius="500" icon_border_spacing="40"][single_icon icon="icomoon-free-social-contact-16x16-twitter" icon_size="16" icon_margin="5" icon_color="#ffffff" icon_style="advanced" icon_color_bg="" icon_border_style="solid" icon_color_border="#ffffff" icon_border_size="2" icon_border_radius="500" icon_border_spacing="40"][single_icon icon="icomoon-free-social-contact-16x16-behance" icon_size="16" icon_margin="5" icon_color="#ffffff" icon_style="advanced" icon_color_bg="" icon_border_style="solid" icon_color_border="#ffffff" icon_border_size="2" icon_border_radius="500" icon_border_spacing="40"][single_icon icon="icomoon-free-social-contact-16x16-linkedin2" icon_size="16" icon_margin="5" icon_color="#ffffff" icon_style="advanced" icon_color_bg="" icon_border_style="solid" icon_color_border="#ffffff" icon_border_size="2" icon_border_radius="500" icon_border_spacing="40"][/ultimate_icons][/vc_column_inner][vc_column_inner width="1/2" css=".vc_custom_1511360761617{padding-top: 5px !important;}"][dt_contact_form fields="name,email,telephone,message" message_height="4" button_title="Send Message" button_size="medium"][/vc_column_inner][/vc_row_inner][/vc_column][/vc_row][vc_row full_width="stretch_row" full_height="yes" bg_type="image" parallax_style="vcpb-default" bg_image_new="id^135|url^https://the7.io/coming-soon-01/wp-content/uploads/sites/34/2016/12/coming-soon-the7-bg-90.jpg|caption^null|alt^null|title^coming-soon-the7-bg-90|description^null" bg_image_repeat="no-repeat" bg_img_attach="fixed" bg_override="ex-full" enable_overlay="enable_overlay_value" overlay_color="rgba(0,0,0,0.45)" type="vc_default" css=".vc_custom_1481745390521{background-color: #000000 !important;}" el_id="subscribe"][vc_column width="5/6" css=".vc_custom_1511360728242{margin-right: 20px !important;margin-left: 20px !important;border-top-width: 0px !important;border-right-width: 0px !important;border-bottom-width: 0px !important;border-left-width: 0px !important;padding-top: 55px !important;padding-right: 50px !important;padding-bottom: 68px !important;padding-left: 50px !important;background-color: rgba(255,255,255,0.1) !important;*background-color: rgb(255,255,255) !important;border-left-color: #ffffff !important;border-left-style: solid !important;border-right-color: #ffffff !important;border-right-style: solid !important;border-top-color: #ffffff !important;border-top-style: solid !important;border-bottom-color: #ffffff !important;border-bottom-style: solid !important;}" offset="vc_col-lg-offset-2 vc_col-lg-8 vc_col-md-offset-2 vc_col-md-8 vc_col-sm-offset-1" el_class="text-centered"][ultimate_heading main_heading="SUBSCRIBE" main_heading_color="#ffffff" sub_heading_color="rgba(255,255,255,0.5)" spacer="line_only" spacer_position="middle" line_height="3" main_heading_margin="margin-bottom:10px;" main_heading_font_size="desktop:34px;" main_heading_line_height="desktop:44px;" sub_heading_font_size="desktop:16px;" sub_heading_line_height="desktop:28px;" line_width="80" spacer_margin="margin-bottom:30px;" el_class="accent-border-color" sub_heading_margin="margin-bottom:40px;"]</p>
<p style="text-align: center;">Lorem ipsum dolor sit amet adipiscing elit.<br />
Mauris porttitor id, lobortis tempor.</p>
<p>[/ultimate_heading][vc_column_text]</p>
<p style="text-align: left;">[mc4wp_form id="238"]</p>
<p>[/vc_column_text][/vc_column][/vc_row]</p>
]]></content:encoded>
			<excerpt:encoded><![CDATA[]]></excerpt:encoded>
			<wp:post_id>137</wp:post_id>
			<wp:post_date><![CDATA[2016-12-14 17:26:28]]></wp:post_date>
			<wp:post_date_gmt><![CDATA[2016-12-14 17:26:28]]></wp:post_date_gmt>
			<wp:post_modified><![CDATA[2025-07-14 09:40:22]]></wp:post_modified>
			<wp:post_modified_gmt><![CDATA[2025-07-14 08:40:22]]></wp:post_modified_gmt>
			<wp:comment_status><![CDATA[closed]]></wp:comment_status>
			<wp:ping_status><![CDATA[closed]]></wp:ping_status>
			<wp:post_name><![CDATA[coming-soon-navigation]]></wp:post_name>
			<wp:status><![CDATA[publish]]></wp:status>
			<wp:post_parent>0</wp:post_parent>
			<wp:menu_order>0</wp:menu_order>
			<wp:post_type><![CDATA[page]]></wp:post_type>
			<wp:post_password><![CDATA[]]></wp:post_password>
			<wp:is_sticky>0</wp:is_sticky>
													<wp:postmeta>
					<wp:meta_key><![CDATA[slide_template]]></wp:meta_key>
					<wp:meta_value><![CDATA[default]]></wp:meta_value>
				</wp:postmeta>
							<wp:postmeta>
					<wp:meta_key><![CDATA[_wp_page_template]]></wp:meta_key>
					<wp:meta_value><![CDATA[template-microsite.php]]></wp:meta_value>
				</wp:postmeta>
							<wp:postmeta>
					<wp:meta_key><![CDATA[_wpb_vc_js_status]]></wp:meta_key>
					<wp:meta_value><![CDATA[true]]></wp:meta_value>
				</wp:postmeta>
							<wp:postmeta>
					<wp:meta_key><![CDATA[_wpb_shortcodes_custom_css]]></wp:meta_key>
					<wp:meta_value><![CDATA[.vc_custom_1481745366869{background-color: #000000 !important;}.vc_custom_1481745378436{background-color: #000000 !important;}.vc_custom_1481745390521{background-color: #000000 !important;}.vc_custom_1511360735758{margin-right: 20px !important;margin-left: 20px !important;border-top-width: 0px !important;border-right-width: 0px !important;border-bottom-width: 0px !important;border-left-width: 0px !important;padding-top: 55px !important;padding-right: 50px !important;padding-bottom: 60px !important;padding-left: 50px !important;background-color: rgba(255,255,255,0.1) !important;*background-color: rgb(255,255,255) !important;border-left-color: #ffffff !important;border-left-style: solid !important;border-right-color: #ffffff !important;border-right-style: solid !important;border-top-color: #ffffff !important;border-top-style: solid !important;border-bottom-color: #ffffff !important;border-bottom-style: solid !important;}.vc_custom_1481706653209{padding-bottom: 30px !important;}.vc_custom_1752482419766{margin-top: 0px !important;margin-right: 0px !important;margin-bottom: 0px !important;margin-left: 0px !important;padding-top: 0px !important;padding-right: 0px !important;padding-bottom: 40px !important;padding-left: 0px !important;}.vc_custom_1495554765384{margin-top: 0px !important;margin-right: 0px !important;margin-bottom: 0px !important;margin-left: 0px !important;padding-top: 0px !important;padding-right: 0px !important;padding-bottom: 0px !important;padding-left: 0px !important;}.vc_custom_1511360697431{margin-right: 20px !important;margin-left: 20px !important;border-top-width: 0px !important;border-right-width: 0px !important;border-bottom-width: 0px !important;border-left-width: 0px !important;padding-top: 55px !important;padding-right: 50px !important;padding-bottom: 0px !important;padding-left: 50px !important;background-color: rgba(255,255,255,0.1) !important;*background-color: rgb(255,255,255) !important;border-left-color: #ffffff !important;border-left-style: solid !important;border-right-color: #ffffff !important;border-right-style: solid !important;border-top-color: #ffffff !important;border-top-style: solid !important;border-bottom-color: #ffffff !important;border-bottom-style: solid !important;}.vc_custom_1511360614807{margin-bottom: 50px !important;}.vc_custom_1511360761617{padding-top: 5px !important;}.vc_custom_1481742507724{margin-top: 0px !important;margin-bottom: 0px !important;padding-top: 0px !important;padding-bottom: 30px !important;}.vc_custom_1481742512841{margin-top: 0px !important;margin-bottom: 0px !important;padding-top: 0px !important;padding-bottom: 30px !important;}.vc_custom_1481742517909{margin-top: 0px !important;margin-bottom: 0px !important;padding-top: 0px !important;padding-bottom: 40px !important;}.vc_custom_1511360779107{margin-bottom: 0px !important;}.vc_custom_1511360728242{margin-right: 20px !important;margin-left: 20px !important;border-top-width: 0px !important;border-right-width: 0px !important;border-bottom-width: 0px !important;border-left-width: 0px !important;padding-top: 55px !important;padding-right: 50px !important;padding-bottom: 68px !important;padding-left: 50px !important;background-color: rgba(255,255,255,0.1) !important;*background-color: rgb(255,255,255) !important;border-left-color: #ffffff !important;border-left-style: solid !important;border-right-color: #ffffff !important;border-right-style: solid !important;border-top-color: #ffffff !important;border-top-style: solid !important;border-bottom-color: #ffffff !important;border-bottom-style: solid !important;}]]></wp:meta_value>
				</wp:postmeta>
							<wp:postmeta>
					<wp:meta_key><![CDATA[_wpb_shortcodes_custom_css_updated]]></wp:meta_key>
					<wp:meta_value><![CDATA[1]]></wp:meta_value>
				</wp:postmeta>
							<wp:postmeta>
					<wp:meta_key><![CDATA[_dt_header_transparent_top_bar_bg_opacity]]></wp:meta_key>
					<wp:meta_value><![CDATA[0]]></wp:meta_value>
				</wp:postmeta>
							<wp:postmeta>
					<wp:meta_key><![CDATA[_dt_sidebar_position]]></wp:meta_key>
					<wp:meta_value><![CDATA[disabled]]></wp:meta_value>
				</wp:postmeta>
							<wp:postmeta>
					<wp:meta_key><![CDATA[_dt_sidebar_widgetarea_id]]></wp:meta_key>
					<wp:meta_value><![CDATA[sidebar_1]]></wp:meta_value>
				</wp:postmeta>
							<wp:postmeta>
					<wp:meta_key><![CDATA[_dt_sidebar_hide_on_mobile]]></wp:meta_key>
					<wp:meta_value><![CDATA[0]]></wp:meta_value>
				</wp:postmeta>
							<wp:postmeta>
					<wp:meta_key><![CDATA[_dt_footer_show]]></wp:meta_key>
					<wp:meta_value><![CDATA[0]]></wp:meta_value>
				</wp:postmeta>
							<wp:postmeta>
					<wp:meta_key><![CDATA[_dt_footer_widgetarea_id]]></wp:meta_key>
					<wp:meta_value><![CDATA[sidebar_2]]></wp:meta_value>
				</wp:postmeta>
							<wp:postmeta>
					<wp:meta_key><![CDATA[_dt_footer_hide_on_mobile]]></wp:meta_key>
					<wp:meta_value><![CDATA[0]]></wp:meta_value>
				</wp:postmeta>
							<wp:postmeta>
					<wp:meta_key><![CDATA[_dt_header_title]]></wp:meta_key>
					<wp:meta_value><![CDATA[disabled]]></wp:meta_value>
				</wp:postmeta>
							<wp:postmeta>
					<wp:meta_key><![CDATA[_dt_header_background]]></wp:meta_key>
					<wp:meta_value><![CDATA[transparent]]></wp:meta_value>
				</wp:postmeta>
							<wp:postmeta>
					<wp:meta_key><![CDATA[_dt_header_background_below_slideshow]]></wp:meta_key>
					<wp:meta_value><![CDATA[disabled]]></wp:meta_value>
				</wp:postmeta>
							<wp:postmeta>
					<wp:meta_key><![CDATA[_dt_header_transparent_bg_color]]></wp:meta_key>
					<wp:meta_value><![CDATA[#000000]]></wp:meta_value>
				</wp:postmeta>
							<wp:postmeta>
					<wp:meta_key><![CDATA[_dt_header_transparent_bg_opacity]]></wp:meta_key>
					<wp:meta_value><![CDATA[0]]></wp:meta_value>
				</wp:postmeta>
							<wp:postmeta>
					<wp:meta_key><![CDATA[_dt_header_transparent_bg_color_scheme]]></wp:meta_key>
					<wp:meta_value><![CDATA[light]]></wp:meta_value>
				</wp:postmeta>
							<wp:postmeta>
					<wp:meta_key><![CDATA[_dt_header_disabled_background]]></wp:meta_key>
					<wp:meta_value><![CDATA[transparent]]></wp:meta_value>
				</wp:postmeta>
							<wp:postmeta>
					<wp:meta_key><![CDATA[_dt_header_disabled_transparent_bg_color]]></wp:meta_key>
					<wp:meta_value><![CDATA[#000000]]></wp:meta_value>
				</wp:postmeta>
							<wp:postmeta>
					<wp:meta_key><![CDATA[_dt_header_disabled_transparent_bg_opacity]]></wp:meta_key>
					<wp:meta_value><![CDATA[50]]></wp:meta_value>
				</wp:postmeta>
							<wp:postmeta>
					<wp:meta_key><![CDATA[_dt_header_disabled_transparent_bg_color_scheme]]></wp:meta_key>
					<wp:meta_value><![CDATA[light]]></wp:meta_value>
				</wp:postmeta>
							<wp:postmeta>
					<wp:meta_key><![CDATA[_dt_page_overrides_top_margin]]></wp:meta_key>
					<wp:meta_value><![CDATA[0px]]></wp:meta_value>
				</wp:postmeta>
							<wp:postmeta>
					<wp:meta_key><![CDATA[_dt_page_overrides_bottom_margin]]></wp:meta_key>
					<wp:meta_value><![CDATA[0px]]></wp:meta_value>
				</wp:postmeta>
							<wp:postmeta>
					<wp:meta_key><![CDATA[_dt_page_overrides_right_margin]]></wp:meta_key>
					<wp:meta_value><![CDATA[]]></wp:meta_value>
				</wp:postmeta>
							<wp:postmeta>
					<wp:meta_key><![CDATA[_dt_page_overrides_left_margin]]></wp:meta_key>
					<wp:meta_value><![CDATA[]]></wp:meta_value>
				</wp:postmeta>
							<wp:postmeta>
					<wp:meta_key><![CDATA[_dt_mobile_page_padding_right]]></wp:meta_key>
					<wp:meta_value><![CDATA[]]></wp:meta_value>
				</wp:postmeta>
							<wp:postmeta>
					<wp:meta_key><![CDATA[_dt_mobile_page_padding_left]]></wp:meta_key>
					<wp:meta_value><![CDATA[]]></wp:meta_value>
				</wp:postmeta>
							<wp:postmeta>
					<wp:meta_key><![CDATA[mixed_logo_heading]]></wp:meta_key>
					<wp:meta_value><![CDATA[]]></wp:meta_value>
				</wp:postmeta>
							<wp:postmeta>
					<wp:meta_key><![CDATA[mixed_transparent_logo_heading]]></wp:meta_key>
					<wp:meta_value><![CDATA[]]></wp:meta_value>
				</wp:postmeta>
							<wp:postmeta>
					<wp:meta_key><![CDATA[_dt_microsite_mixed_transparent_logo_type]]></wp:meta_key>
					<wp:meta_value><![CDATA[default]]></wp:meta_value>
				</wp:postmeta>
							<wp:postmeta>
					<wp:meta_key><![CDATA[_dt_microsite_mixed_transparent_logo_regular]]></wp:meta_key>
					<wp:meta_value><![CDATA[a:0:{}]]></wp:meta_value>
				</wp:postmeta>
							<wp:postmeta>
					<wp:meta_key><![CDATA[_dt_microsite_mixed_transparent_logo_hd]]></wp:meta_key>
					<wp:meta_value><![CDATA[a:0:{}]]></wp:meta_value>
				</wp:postmeta>
							<wp:postmeta>
					<wp:meta_key><![CDATA[_dt_header_disabled_transparent_top_bar_bg_opacity]]></wp:meta_key>
					<wp:meta_value><![CDATA[0]]></wp:meta_value>
				</wp:postmeta>
							<wp:postmeta>
					<wp:meta_key><![CDATA[_dt_header_disabled_transparent_top_bar_bg_color]]></wp:meta_key>
					<wp:meta_value><![CDATA[]]></wp:meta_value>
				</wp:postmeta>
							<wp:postmeta>
					<wp:meta_key><![CDATA[_dt_microsite_page_layout]]></wp:meta_key>
					<wp:meta_value><![CDATA[wide]]></wp:meta_value>
				</wp:postmeta>
							<wp:postmeta>
					<wp:meta_key><![CDATA[_dt_microsite_hidden_parts]]></wp:meta_key>
					<wp:meta_value><![CDATA[bottom_bar]]></wp:meta_value>
				</wp:postmeta>
							<wp:postmeta>
					<wp:meta_key><![CDATA[_dt_microsite_page_loading]]></wp:meta_key>
					<wp:meta_value><![CDATA[enabled]]></wp:meta_value>
				</wp:postmeta>
							<wp:postmeta>
					<wp:meta_key><![CDATA[_dt_microsite_hidden_parts]]></wp:meta_key>
					<wp:meta_value><![CDATA[header]]></wp:meta_value>
				</wp:postmeta>
							<wp:postmeta>
					<wp:meta_key><![CDATA[_dt_microsite_hidden_parts]]></wp:meta_key>
					<wp:meta_value><![CDATA[floating_menu]]></wp:meta_value>
				</wp:postmeta>
							<wp:postmeta>
					<wp:meta_key><![CDATA[_dt_microsite_favicon_type]]></wp:meta_key>
					<wp:meta_value><![CDATA[default]]></wp:meta_value>
				</wp:postmeta>
							<wp:postmeta>
					<wp:meta_key><![CDATA[_dt_microsite_main_logo_type]]></wp:meta_key>
					<wp:meta_value><![CDATA[default]]></wp:meta_value>
				</wp:postmeta>
							<wp:postmeta>
					<wp:meta_key><![CDATA[_dt_microsite_transparent_logo_type]]></wp:meta_key>
					<wp:meta_value><![CDATA[default]]></wp:meta_value>
				</wp:postmeta>
							<wp:postmeta>
					<wp:meta_key><![CDATA[_dt_microsite_mixed_logo_type]]></wp:meta_key>
					<wp:meta_value><![CDATA[default]]></wp:meta_value>
				</wp:postmeta>
							<wp:postmeta>
					<wp:meta_key><![CDATA[_dt_microsite_floating_logo_type]]></wp:meta_key>
					<wp:meta_value><![CDATA[default]]></wp:meta_value>
				</wp:postmeta>
							<wp:postmeta>
					<wp:meta_key><![CDATA[_dt_microsite_mobile_logo_type]]></wp:meta_key>
					<wp:meta_value><![CDATA[default]]></wp:meta_value>
				</wp:postmeta>
							<wp:postmeta>
					<wp:meta_key><![CDATA[_dt_microsite_bottom_logo_type]]></wp:meta_key>
					<wp:meta_value><![CDATA[default]]></wp:meta_value>
				</wp:postmeta>
							<wp:postmeta>
					<wp:meta_key><![CDATA[_dt_header_transparent_top_bar_bg_color]]></wp:meta_key>
					<wp:meta_value><![CDATA[]]></wp:meta_value>
				</wp:postmeta>
							<wp:postmeta>
					<wp:meta_key><![CDATA[_dt_microsite_transparent_mobile_logo_type]]></wp:meta_key>
					<wp:meta_value><![CDATA[default]]></wp:meta_value>
				</wp:postmeta>
							<wp:postmeta>
					<wp:meta_key><![CDATA[_dt_microsite_favicon_hd]]></wp:meta_key>
					<wp:meta_value><![CDATA[a:0:{}]]></wp:meta_value>
				</wp:postmeta>
							<wp:postmeta>
					<wp:meta_key><![CDATA[_dt_microsite_primary_menu]]></wp:meta_key>
					<wp:meta_value><![CDATA[]]></wp:meta_value>
				</wp:postmeta>
							<wp:postmeta>
					<wp:meta_key><![CDATA[_dt_microsite_split_left_menu]]></wp:meta_key>
					<wp:meta_value><![CDATA[]]></wp:meta_value>
				</wp:postmeta>
							<wp:postmeta>
					<wp:meta_key><![CDATA[_dt_microsite_split_right_menu]]></wp:meta_key>
					<wp:meta_value><![CDATA[]]></wp:meta_value>
				</wp:postmeta>
							<wp:postmeta>
					<wp:meta_key><![CDATA[_dt_microsite_mobile_menu]]></wp:meta_key>
					<wp:meta_value><![CDATA[]]></wp:meta_value>
				</wp:postmeta>
							<wp:postmeta>
					<wp:meta_key><![CDATA[_dt_microsite_logo_link]]></wp:meta_key>
					<wp:meta_value><![CDATA[]]></wp:meta_value>
				</wp:postmeta>
							<wp:postmeta>
					<wp:meta_key><![CDATA[main_logo_heading]]></wp:meta_key>
					<wp:meta_value><![CDATA[]]></wp:meta_value>
				</wp:postmeta>
							<wp:postmeta>
					<wp:meta_key><![CDATA[_dt_microsite_main_logo_regular]]></wp:meta_key>
					<wp:meta_value><![CDATA[a:0:{}]]></wp:meta_value>
				</wp:postmeta>
							<wp:postmeta>
					<wp:meta_key><![CDATA[_dt_microsite_main_logo_hd]]></wp:meta_key>
					<wp:meta_value><![CDATA[a:0:{}]]></wp:meta_value>
				</wp:postmeta>
							<wp:postmeta>
					<wp:meta_key><![CDATA[transparent_logo_heading]]></wp:meta_key>
					<wp:meta_value><![CDATA[]]></wp:meta_value>
				</wp:postmeta>
							<wp:postmeta>
					<wp:meta_key><![CDATA[_dt_microsite_transparent_logo_regular]]></wp:meta_key>
					<wp:meta_value><![CDATA[a:0:{}]]></wp:meta_value>
				</wp:postmeta>
							<wp:postmeta>
					<wp:meta_key><![CDATA[_dt_microsite_transparent_logo_hd]]></wp:meta_key>
					<wp:meta_value><![CDATA[a:0:{}]]></wp:meta_value>
				</wp:postmeta>
							<wp:postmeta>
					<wp:meta_key><![CDATA[_dt_microsite_mixed_logo_regular]]></wp:meta_key>
					<wp:meta_value><![CDATA[a:0:{}]]></wp:meta_value>
				</wp:postmeta>
							<wp:postmeta>
					<wp:meta_key><![CDATA[_dt_microsite_mixed_logo_hd]]></wp:meta_key>
					<wp:meta_value><![CDATA[a:0:{}]]></wp:meta_value>
				</wp:postmeta>
							<wp:postmeta>
					<wp:meta_key><![CDATA[floating_logo_heading]]></wp:meta_key>
					<wp:meta_value><![CDATA[]]></wp:meta_value>
				</wp:postmeta>
							<wp:postmeta>
					<wp:meta_key><![CDATA[_dt_microsite_floating_logo_regular]]></wp:meta_key>
					<wp:meta_value><![CDATA[a:0:{}]]></wp:meta_value>
				</wp:postmeta>
							<wp:postmeta>
					<wp:meta_key><![CDATA[_dt_microsite_floating_logo_hd]]></wp:meta_key>
					<wp:meta_value><![CDATA[a:0:{}]]></wp:meta_value>
				</wp:postmeta>
							<wp:postmeta>
					<wp:meta_key><![CDATA[_dt_microsite_mobile_logo_regular]]></wp:meta_key>
					<wp:meta_value><![CDATA[a:0:{}]]></wp:meta_value>
				</wp:postmeta>
							<wp:postmeta>
					<wp:meta_key><![CDATA[_dt_microsite_mobile_logo_hd]]></wp:meta_key>
					<wp:meta_value><![CDATA[a:0:{}]]></wp:meta_value>
				</wp:postmeta>
							<wp:postmeta>
					<wp:meta_key><![CDATA[bottom_logo_heading]]></wp:meta_key>
					<wp:meta_value><![CDATA[]]></wp:meta_value>
				</wp:postmeta>
							<wp:postmeta>
					<wp:meta_key><![CDATA[_dt_microsite_bottom_logo_regular]]></wp:meta_key>
					<wp:meta_value><![CDATA[a:0:{}]]></wp:meta_value>
				</wp:postmeta>
							<wp:postmeta>
					<wp:meta_key><![CDATA[_dt_microsite_bottom_logo_hd]]></wp:meta_key>
					<wp:meta_value><![CDATA[a:0:{}]]></wp:meta_value>
				</wp:postmeta>
							<wp:postmeta>
					<wp:meta_key><![CDATA[favicon_heading]]></wp:meta_key>
					<wp:meta_value><![CDATA[]]></wp:meta_value>
				</wp:postmeta>
							<wp:postmeta>
					<wp:meta_key><![CDATA[_dt_microsite_favicon]]></wp:meta_key>
					<wp:meta_value><![CDATA[a:0:{}]]></wp:meta_value>
				</wp:postmeta>
							<wp:postmeta>
					<wp:meta_key><![CDATA[_dt_microsite_transparent_mobile_logo_regular]]></wp:meta_key>
					<wp:meta_value><![CDATA[a:0:{}]]></wp:meta_value>
				</wp:postmeta>
							<wp:postmeta>
					<wp:meta_key><![CDATA[_dt_microsite_transparent_mobile_logo_hd]]></wp:meta_key>
					<wp:meta_value><![CDATA[a:0:{}]]></wp:meta_value>
				</wp:postmeta>
							<wp:postmeta>
					<wp:meta_key><![CDATA[_dt_mobile_page_padding_top]]></wp:meta_key>
					<wp:meta_value><![CDATA[0px]]></wp:meta_value>
				</wp:postmeta>
							<wp:postmeta>
					<wp:meta_key><![CDATA[_dt_mobile_page_padding_bottom]]></wp:meta_key>
					<wp:meta_value><![CDATA[0px]]></wp:meta_value>
				</wp:postmeta>
							<wp:postmeta>
					<wp:meta_key><![CDATA[the7_fancy_title_css]]></wp:meta_key>
					<wp:meta_value><![CDATA[#main {
  padding-top: 0px;
  padding-bottom: 0px;
}
@media screen and (max-width: 778px) {
  #main {
    padding-top: 0px;
    padding-bottom: 0px;
  }
}
]]></wp:meta_value>
				</wp:postmeta>
							<wp:postmeta>
					<wp:meta_key><![CDATA[_wpb_post_custom_layout]]></wp:meta_key>
					<wp:meta_value><![CDATA[default]]></wp:meta_value>
				</wp:postmeta>
							<wp:postmeta>
					<wp:meta_key><![CDATA[_wpb_vc_editor_type]]></wp:meta_key>
					<wp:meta_value><![CDATA[backend]]></wp:meta_value>
				</wp:postmeta>
							<wp:postmeta>
					<wp:meta_key><![CDATA[the7_exporter_post_resources]]></wp:meta_key>
					<wp:meta_value><![CDATA[a:2:{i:0;i:97;i:1;i:135;}]]></wp:meta_value>
				</wp:postmeta>
					</item>
						<item>
			<title><![CDATA[coming-soon-the7-bg-90]]></title>
			<link>https://the7.io/coming-soon-01/coming-soon-simple/coming-soon-the7-bg-90/</link>
			<pubDate>Wed, 14 Dec 2016 10:30:11 +0000</pubDate>
			<dc:creator><![CDATA[admin]]></dc:creator>
			<guid isPermaLink="false">https://the7.io/coming-soon-01/wp-content/uploads/sites/34/2016/12/coming-soon-the7-bg-90.jpg</guid>
			<description></description>
			<content:encoded><![CDATA[]]></content:encoded>
			<excerpt:encoded><![CDATA[]]></excerpt:encoded>
			<wp:post_id>135</wp:post_id>
			<wp:post_date><![CDATA[2016-12-14 10:30:11]]></wp:post_date>
			<wp:post_date_gmt><![CDATA[2016-12-14 10:30:11]]></wp:post_date_gmt>
			<wp:post_modified><![CDATA[2016-12-14 10:30:11]]></wp:post_modified>
			<wp:post_modified_gmt><![CDATA[2016-12-14 10:30:11]]></wp:post_modified_gmt>
			<wp:comment_status><![CDATA[open]]></wp:comment_status>
			<wp:ping_status><![CDATA[closed]]></wp:ping_status>
			<wp:post_name><![CDATA[coming-soon-the7-bg-90]]></wp:post_name>
			<wp:status><![CDATA[inherit]]></wp:status>
			<wp:post_parent>2</wp:post_parent>
			<wp:menu_order>0</wp:menu_order>
			<wp:post_type><![CDATA[attachment]]></wp:post_type>
			<wp:post_password><![CDATA[]]></wp:post_password>
			<wp:is_sticky>0</wp:is_sticky>
							<wp:attachment_url><![CDATA[https://the7.io/coming-soon-01/wp-content/uploads/sites/34/2016/12/coming-soon-the7-bg-90.jpg]]></wp:attachment_url>
													<wp:postmeta>
					<wp:meta_key><![CDATA[_wp_attached_file]]></wp:meta_key>
					<wp:meta_value><![CDATA[2016/12/coming-soon-the7-bg-90.jpg]]></wp:meta_value>
				</wp:postmeta>
							<wp:postmeta>
					<wp:meta_key><![CDATA[_wp_attachment_metadata]]></wp:meta_key>
					<wp:meta_value><![CDATA[a:5:{s:5:"width";i:1600;s:6:"height";i:1000;s:4:"file";s:34:"2016/12/coming-soon-the7-bg-90.jpg";s:5:"sizes";a:4:{s:9:"thumbnail";a:4:{s:4:"file";s:34:"coming-soon-the7-bg-90-150x150.jpg";s:5:"width";i:150;s:6:"height";i:150;s:9:"mime-type";s:10:"image/jpeg";}s:6:"medium";a:4:{s:4:"file";s:34:"coming-soon-the7-bg-90-300x188.jpg";s:5:"width";i:300;s:6:"height";i:188;s:9:"mime-type";s:10:"image/jpeg";}s:12:"medium_large";a:4:{s:4:"file";s:34:"coming-soon-the7-bg-90-768x480.jpg";s:5:"width";i:768;s:6:"height";i:480;s:9:"mime-type";s:10:"image/jpeg";}s:5:"large";a:4:{s:4:"file";s:35:"coming-soon-the7-bg-90-1024x640.jpg";s:5:"width";i:1024;s:6:"height";i:640;s:9:"mime-type";s:10:"image/jpeg";}}s:10:"image_meta";a:12:{s:8:"aperture";s:1:"0";s:6:"credit";s:0:"";s:6:"camera";s:0:"";s:7:"caption";s:0:"";s:17:"created_timestamp";s:1:"0";s:9:"copyright";s:0:"";s:12:"focal_length";s:1:"0";s:3:"iso";s:1:"0";s:13:"shutter_speed";s:1:"0";s:5:"title";s:0:"";s:11:"orientation";s:1:"0";s:8:"keywords";a:0:{}}}]]></wp:meta_value>
				</wp:postmeta>
					</item>
						<item>
			<title><![CDATA[icomoon-free-social-contact-16x16]]></title>
			<link>https://the7.io/coming-soon-01/icomoon-free-social-contact-16x16/</link>
			<pubDate>Wed, 14 Dec 2016 18:25:57 +0000</pubDate>
			<dc:creator><![CDATA[admin]]></dc:creator>
			<guid isPermaLink="false">https://the7.io/coming-soon-01/wp-content/uploads/sites/34/2016/12/icomoon-free-social-contact-16x16.zip</guid>
			<description></description>
			<content:encoded><![CDATA[]]></content:encoded>
			<excerpt:encoded><![CDATA[]]></excerpt:encoded>
			<wp:post_id>192</wp:post_id>
			<wp:post_date><![CDATA[2016-12-14 18:25:57]]></wp:post_date>
			<wp:post_date_gmt><![CDATA[2016-12-14 18:25:57]]></wp:post_date_gmt>
			<wp:post_modified><![CDATA[2016-12-14 18:25:57]]></wp:post_modified>
			<wp:post_modified_gmt><![CDATA[2016-12-14 18:25:57]]></wp:post_modified_gmt>
			<wp:comment_status><![CDATA[open]]></wp:comment_status>
			<wp:ping_status><![CDATA[closed]]></wp:ping_status>
			<wp:post_name><![CDATA[icomoon-free-social-contact-16x16]]></wp:post_name>
			<wp:status><![CDATA[inherit]]></wp:status>
			<wp:post_parent>0</wp:post_parent>
			<wp:menu_order>0</wp:menu_order>
			<wp:post_type><![CDATA[attachment]]></wp:post_type>
			<wp:post_password><![CDATA[]]></wp:post_password>
			<wp:is_sticky>0</wp:is_sticky>
							<wp:attachment_url><![CDATA[https://the7.io/coming-soon-01/wp-content/uploads/sites/34/2016/12/icomoon-free-social-contact-16x16.zip]]></wp:attachment_url>
													<wp:postmeta>
					<wp:meta_key><![CDATA[_wp_attached_file]]></wp:meta_key>
					<wp:meta_value><![CDATA[2016/12/icomoon-free-social-contact-16x16.zip]]></wp:meta_value>
				</wp:postmeta>
					</item>
						<item>
			<title><![CDATA[]]></title>
			<link>https://the7.io/coming-soon-01/mc4wp-form/238/</link>
			<pubDate>Wed, 14 Dec 2016 19:51:50 +0000</pubDate>
			<dc:creator><![CDATA[admin]]></dc:creator>
			<guid isPermaLink="false">https://the7.io/coming-soon-01/mc4wp-form/238/</guid>
			<description></description>
			<content:encoded><![CDATA[<span style="padding-right:5px;"><input type="email" name="EMAIL" placeholder="Your Email Address" required /></span>
<input type="submit" value="Notify Me!" />]]></content:encoded>
			<excerpt:encoded><![CDATA[]]></excerpt:encoded>
			<wp:post_id>238</wp:post_id>
			<wp:post_date><![CDATA[2016-12-14 19:51:50]]></wp:post_date>
			<wp:post_date_gmt><![CDATA[2016-12-14 19:51:50]]></wp:post_date_gmt>
			<wp:post_modified><![CDATA[2016-12-14 19:51:50]]></wp:post_modified>
			<wp:post_modified_gmt><![CDATA[2016-12-14 19:51:50]]></wp:post_modified_gmt>
			<wp:comment_status><![CDATA[closed]]></wp:comment_status>
			<wp:ping_status><![CDATA[closed]]></wp:ping_status>
			<wp:post_name><![CDATA[238]]></wp:post_name>
			<wp:status><![CDATA[publish]]></wp:status>
			<wp:post_parent>0</wp:post_parent>
			<wp:menu_order>0</wp:menu_order>
			<wp:post_type><![CDATA[mc4wp-form]]></wp:post_type>
			<wp:post_password><![CDATA[]]></wp:post_password>
			<wp:is_sticky>0</wp:is_sticky>
													<wp:postmeta>
					<wp:meta_key><![CDATA[_vc_post_settings]]></wp:meta_key>
					<wp:meta_value><![CDATA[a:1:{s:10:"vc_grid_id";a:0:{}}]]></wp:meta_value>
				</wp:postmeta>
							<wp:postmeta>
					<wp:meta_key><![CDATA[_mc4wp_settings]]></wp:meta_key>
					<wp:meta_value><![CDATA[a:8:{s:15:"required_fields";s:5:"EMAIL";s:12:"double_optin";s:1:"1";s:15:"update_existing";s:1:"0";s:17:"replace_interests";s:1:"1";s:18:"hide_after_success";s:1:"0";s:8:"redirect";s:0:"";s:3:"css";s:1:"0";s:5:"lists";a:1:{i:0;s:10:"47e7ce182e";}}]]></wp:meta_value>
				</wp:postmeta>
							<wp:postmeta>
					<wp:meta_key><![CDATA[text_subscribed]]></wp:meta_key>
					<wp:meta_value><![CDATA[Thank you! Please check your email inbox to confirm.]]></wp:meta_value>
				</wp:postmeta>
							<wp:postmeta>
					<wp:meta_key><![CDATA[text_invalid_email]]></wp:meta_key>
					<wp:meta_value><![CDATA[Please provide a valid email address.]]></wp:meta_value>
				</wp:postmeta>
							<wp:postmeta>
					<wp:meta_key><![CDATA[text_required_field_missing]]></wp:meta_key>
					<wp:meta_value><![CDATA[Please fill in the required fields.]]></wp:meta_value>
				</wp:postmeta>
							<wp:postmeta>
					<wp:meta_key><![CDATA[text_already_subscribed]]></wp:meta_key>
					<wp:meta_value><![CDATA[Given email address is already subscribed, thank you!]]></wp:meta_value>
				</wp:postmeta>
							<wp:postmeta>
					<wp:meta_key><![CDATA[text_error]]></wp:meta_key>
					<wp:meta_value><![CDATA[Oops. Something went wrong. Please try again later.]]></wp:meta_value>
				</wp:postmeta>
							<wp:postmeta>
					<wp:meta_key><![CDATA[text_unsubscribed]]></wp:meta_key>
					<wp:meta_value><![CDATA[You were successfully unsubscribed.]]></wp:meta_value>
				</wp:postmeta>
							<wp:postmeta>
					<wp:meta_key><![CDATA[text_not_subscribed]]></wp:meta_key>
					<wp:meta_value><![CDATA[Given email address is not subscribed.]]></wp:meta_value>
				</wp:postmeta>
							<wp:postmeta>
					<wp:meta_key><![CDATA[text_no_lists_selected]]></wp:meta_key>
					<wp:meta_value><![CDATA[Please select at least one list.]]></wp:meta_value>
				</wp:postmeta>
							<wp:postmeta>
					<wp:meta_key><![CDATA[text_updated]]></wp:meta_key>
					<wp:meta_value><![CDATA[Thank you, your records have been updated!]]></wp:meta_value>
				</wp:postmeta>
					</item>
						<item>
			<title><![CDATA[MailChimp for WordPress: Form Preview]]></title>
			<link>https://the7.io/coming-soon-01/?page_id=239</link>
			<pubDate></pubDate>
			<dc:creator><![CDATA[admin]]></dc:creator>
			<guid isPermaLink="false">https://the7.io/coming-soon-01/?page_id=239</guid>
			<description></description>
			<content:encoded><![CDATA[[mc4wp_form]]]></content:encoded>
			<excerpt:encoded><![CDATA[]]></excerpt:encoded>
			<wp:post_id>239</wp:post_id>
			<wp:post_date><![CDATA[2016-12-14 19:41:55]]></wp:post_date>
			<wp:post_date_gmt><![CDATA[0000-00-00 00:00:00]]></wp:post_date_gmt>
			<wp:post_modified><![CDATA[2016-12-14 19:41:55]]></wp:post_modified>
			<wp:post_modified_gmt><![CDATA[0000-00-00 00:00:00]]></wp:post_modified_gmt>
			<wp:comment_status><![CDATA[closed]]></wp:comment_status>
			<wp:ping_status><![CDATA[closed]]></wp:ping_status>
			<wp:post_name><![CDATA[mc4wp-form-preview]]></wp:post_name>
			<wp:status><![CDATA[draft]]></wp:status>
			<wp:post_parent>0</wp:post_parent>
			<wp:menu_order>0</wp:menu_order>
			<wp:post_type><![CDATA[page]]></wp:post_type>
			<wp:post_password><![CDATA[]]></wp:post_password>
			<wp:is_sticky>0</wp:is_sticky>
													<wp:postmeta>
					<wp:meta_key><![CDATA[_vc_post_settings]]></wp:meta_key>
					<wp:meta_value><![CDATA[a:1:{s:10:"vc_grid_id";a:0:{}}]]></wp:meta_value>
				</wp:postmeta>
					</item>
						<item>
			<title><![CDATA[woocommerce-placeholder]]></title>
			<link>https://the7.io/coming-soon-01/woocommerce-placeholder/</link>
			<pubDate>Tue, 04 Feb 2020 08:55:37 +0000</pubDate>
			<dc:creator><![CDATA[]]></dc:creator>
			<guid isPermaLink="false">https://the7.io/coming-soon-01/wp-content/uploads/sites/34/2020/02/woocommerce-placeholder.png</guid>
			<description></description>
			<content:encoded><![CDATA[]]></content:encoded>
			<excerpt:encoded><![CDATA[]]></excerpt:encoded>
			<wp:post_id>286</wp:post_id>
			<wp:post_date><![CDATA[2020-02-04 08:55:37]]></wp:post_date>
			<wp:post_date_gmt><![CDATA[2020-02-04 08:55:37]]></wp:post_date_gmt>
			<wp:post_modified><![CDATA[2020-02-04 08:55:37]]></wp:post_modified>
			<wp:post_modified_gmt><![CDATA[2020-02-04 08:55:37]]></wp:post_modified_gmt>
			<wp:comment_status><![CDATA[closed]]></wp:comment_status>
			<wp:ping_status><![CDATA[closed]]></wp:ping_status>
			<wp:post_name><![CDATA[woocommerce-placeholder]]></wp:post_name>
			<wp:status><![CDATA[inherit]]></wp:status>
			<wp:post_parent>0</wp:post_parent>
			<wp:menu_order>0</wp:menu_order>
			<wp:post_type><![CDATA[attachment]]></wp:post_type>
			<wp:post_password><![CDATA[]]></wp:post_password>
			<wp:is_sticky>0</wp:is_sticky>
							<wp:attachment_url><![CDATA[https://the7.io/coming-soon-01/wp-content/uploads/sites/34/woocommerce-placeholder.png]]></wp:attachment_url>
													<wp:postmeta>
					<wp:meta_key><![CDATA[_wp_attached_file]]></wp:meta_key>
					<wp:meta_value><![CDATA[woocommerce-placeholder.png]]></wp:meta_value>
				</wp:postmeta>
							<wp:postmeta>
					<wp:meta_key><![CDATA[_wp_attachment_metadata]]></wp:meta_key>
					<wp:meta_value><![CDATA[a:5:{s:5:"width";i:1200;s:6:"height";i:1200;s:4:"file";s:27:"woocommerce-placeholder.png";s:5:"sizes";a:5:{s:6:"medium";a:4:{s:4:"file";s:35:"woocommerce-placeholder-300x300.png";s:5:"width";i:300;s:6:"height";i:300;s:9:"mime-type";s:9:"image/png";}s:5:"large";a:4:{s:4:"file";s:37:"woocommerce-placeholder-1024x1024.png";s:5:"width";i:1024;s:6:"height";i:1024;s:9:"mime-type";s:9:"image/png";}s:9:"thumbnail";a:4:{s:4:"file";s:35:"woocommerce-placeholder-150x150.png";s:5:"width";i:150;s:6:"height";i:150;s:9:"mime-type";s:9:"image/png";}s:12:"medium_large";a:4:{s:4:"file";s:35:"woocommerce-placeholder-768x768.png";s:5:"width";i:768;s:6:"height";i:768;s:9:"mime-type";s:9:"image/png";}s:28:"the7_mphb_gallery_image_size";a:4:{s:4:"file";s:35:"woocommerce-placeholder-200x125.png";s:5:"width";i:200;s:6:"height";i:125;s:9:"mime-type";s:9:"image/png";}}s:10:"image_meta";a:12:{s:8:"aperture";s:1:"0";s:6:"credit";s:0:"";s:6:"camera";s:0:"";s:7:"caption";s:0:"";s:17:"created_timestamp";s:1:"0";s:9:"copyright";s:0:"";s:12:"focal_length";s:1:"0";s:3:"iso";s:1:"0";s:13:"shutter_speed";s:1:"0";s:5:"title";s:0:"";s:11:"orientation";s:1:"0";s:8:"keywords";a:0:{}}}]]></wp:meta_value>
				</wp:postmeta>
					</item>
					</channel>
</rss>
		