{"schema":{"folders":{"ultimate_icon_fonts":"Ultimate_VC_Addons\/icon-fonts"}},"theme_options":{"advanced-normalize_resize_on_mobile":"1","advanced-speed_img_resize":"1","blog-fancy_date-style":"horizontal","blog-thumbnail_proportions":{"width":2,"height":1},"blog-thumbnail_size":"resize","bottom_bar-bg_color":"rgba(255,255,255,0.12)","bottom_bar-bg_image":{"image":"","repeat":"repeat","position_x":"center","position_y":"top"},"bottom_bar-bg_opacity":12,"bottom_bar-collapse_after":"990px","bottom_bar-color":"#ffffff","bottom_bar-copyrights":"\u00a9 The7 Corporate - 2017. All rights reserved.","bottom_bar-credits":false,"bottom_bar-enabled":"1","bottom_bar-height":"60px","bottom_bar-layout":"logo_left","bottom_bar-logo-padding":"10px 15px 10px 0px","bottom_bar-logo-padding-bottom":10,"bottom_bar-logo-padding-left":0,"bottom_bar-logo-padding-right":15,"bottom_bar-logo-padding-top":10,"bottom_bar-logo_hd":["\/wp-content\/uploads\/sites\/41\/2017\/06\/l-f-hd.png",1374],"bottom_bar-logo_regular":["\/wp-content\/uploads\/sites\/41\/2017\/06\/l-f.png",1375],"bottom_bar-menu-collapse_after":"778px","bottom_bar-padding":"10px 10px","bottom_bar-style":"full_width_line","bottom_bar-text":"","breadcrumbs-typography":{"font_family":"Open Sans","font_size":12,"line_height":20,"text_transform":"none"},"breadcrumbs_bg_color":"rgba(255,255,255,0.2)","breadcrumbs_bg_opacity":20,"breadcrumbs_border_color":"rgba(255,255,255,0.5)","breadcrumbs_border_opacity":50,"breadcrumbs_border_radius":"2px","breadcrumbs_border_width":"0px","breadcrumbs_margin":"0px 0px 0px 0px","breadcrumbs_margin-bottom":"0px","breadcrumbs_margin-left":"0px","breadcrumbs_margin-right":"0px","breadcrumbs_margin-top":"0px","breadcrumbs_padding":"0px 0px 0px 0px","breadcrumbs_padding-bottom":"0","breadcrumbs_padding-left":"0","breadcrumbs_padding-right":"0","breadcrumbs_padding-top":"0","buttons-color":"#ffce36","buttons-color_gradient":"135deg|#dd3333 30%|#3a892a 100%","buttons-color_mode":"accent","buttons-hover_color":"#f4a215","buttons-hover_color_gradient":"135deg|#dd3333 30%|#3a892a 100%","buttons-hover_color_mode":"color","buttons-l-icon-size":24,"buttons-l-typography":{"font_family":"Open Sans Condensed:700","font_size":24,"text_transform":"uppercase"},"buttons-l_border_radius":"0px","buttons-l_padding":"20px 24px 20px 24px","buttons-l_padding-bottom":20,"buttons-l_padding-left":24,"buttons-l_padding-right":24,"buttons-l_padding-top":20,"buttons-m-icon-size":16,"buttons-m-typography":{"font_family":"Open Sans Condensed:700","font_size":16,"text_transform":"uppercase"},"buttons-m_border_radius":"0px","buttons-m_padding":"10px 18px 10px 16px","buttons-m_padding-bottom":10,"buttons-m_padding-left":16,"buttons-m_padding-right":18,"buttons-m_padding-top":10,"buttons-s-icon-size":15,"buttons-s-typography":{"font_family":"Open Sans Condensed:700","font_size":15,"text_transform":"uppercase"},"buttons-s_border_radius":"0px","buttons-s_padding":"6px 12px 6px 12px","buttons-s_padding-bottom":6,"buttons-s_padding-left":12,"buttons-s_padding-right":12,"buttons-s_padding-top":6,"buttons-text_color":"#ffffff","buttons-text_color_mode":"color","buttons-text_hover_color":"#ffffff","buttons-text_hover_color_mode":"color","content-headers_color":"#1f365c","content-links_color":"#ffb536","content-primary_text_color":"#8c95a2","content-secondary_text_color":"#1f365c","dividers-color":"rgba(51,51,51,0.12)","dividers-opacity":12,"filter-typography":{"font_family":"Open Sans Condensed:700","font_size":14,"text_transform":"none"},"fonts-big_size":{"font_size":"15px","line_height":"23px"},"fonts-font_family":"Open Sans","fonts-h1-typography":{"font_family":"Open Sans Condensed:700","font_size":40,"line_height":46,"text_transform":"uppercase"},"fonts-h2-typography":{"font_family":"Open Sans Condensed:700","font_size":34,"line_height":40,"text_transform":"uppercase"},"fonts-h3-typography":{"font_family":"Open Sans Condensed:700","font_size":26,"line_height":32,"text_transform":"uppercase"},"fonts-h4-typography":{"font_family":"Open Sans Condensed:700","font_size":20,"line_height":26,"text_transform":"uppercase"},"fonts-h5-typography":{"font_family":"Open Sans Condensed:700","font_size":18,"line_height":24,"text_transform":"uppercase"},"fonts-h6-typography":{"font_family":"Open Sans Condensed:300","font_size":16,"line_height":22,"text_transform":"none"},"fonts-normal_size":{"font_size":"14px","line_height":"22px"},"fonts-small_size":{"font_size":"12px","line_height":"20px"},"fonts-widget-content":{"font_family":"Open Sans","responsive_font_size":{"desktop":"14px"},"responsive_line_height":{"desktop":"22px"}},"fonts-widget-title":{"font_family":"Open Sans Condensed:700","font_size":18,"line_height":24,"text_transform":"uppercase"},"fonts-woo-content":{"font_family":"Open Sans","responsive_font_size":{"desktop":"15px"},"responsive_line_height":{"desktop":"23px"}},"fonts-woo-title":{"font_family":"Open Sans Condensed:700","font_size":18,"line_height":24,"text_transform":"uppercase"},"footer-accent_text_color":"","footer-bg_color":"rgba(31,54,92,1)","footer-bg_image":{"image":"","repeat":"repeat","position_x":"center","position_y":"top"},"footer-bg_opacity":100,"footer-collapse_after":"992px","footer-collapse_columns_after":"992px","footer-decoration":"none","footer-decoration_outline_color":"rgba(129,215,66,0.96)","footer-decoration_outline_opacity":96,"footer-headers_color":"#ffffff","footer-is_fullwidth":"0","footer-layout":"1\/4+1\/4+1\/4+1\/4","footer-mobile_padding":"60px 20px 25px 20px","footer-padding":"60px 50px 25px 50px","footer-padding-bottom":25,"footer-padding-top":60,"footer-paddings-columns":"25px","footer-primary_text_color":"#949fb2","footer-slide-out-mode":"0","footer-style":"solid_background","general-accent_bg_color":"#ffb536","general-accent_bg_color_gradient":"135deg|#2578e9 30%|#3fe7d9 100%","general-accent_color_mode":"color","general-album_back_button_url":"","general-album_meta_author":false,"general-album_meta_categories":"1","general-album_meta_comments":false,"general-album_meta_date":"1","general-album_meta_on":"1","general-beautiful_loading":"enabled","general-bg_color":"rgba(255,255,255,1)","general-bg_fixed":false,"general-bg_fullscreen":false,"general-bg_image":{"image":"","repeat":"repeat","position_x":"center","position_y":"top"},"general-bg_opacity":100,"general-blog_meta_author":"1","general-blog_meta_categories":"1","general-blog_meta_comments":"1","general-blog_meta_date":"1","general-blog_meta_on":"1","general-blog_meta_tags":"1","general-border_radius":"0px","general-box_width":"1340px","general-boxed_bg_color":"#ffffff","general-boxed_bg_fixed":"1","general-boxed_bg_fullscreen":false,"general-boxed_bg_image":{"image":"","repeat":"repeat","position_x":"left","position_y":"top"},"general-breadcrumbs_bg_color":"disabled","general-breadcrumbs_color":"#949fb2","general-content_boxes_bg_color":"rgba(220,220,220,0.3)","general-content_boxes_bg_opacity":30,"general-content_boxes_decoration":"none","general-content_boxes_decoration_outline_color":"rgba(0,0,0,0)","general-content_boxes_decoration_outline_opacity":0,"general-content_width":"1300px","general-custom_css":"","general-custom_loader":"","general-favicon":"\/wp-content\/uploads\/sites\/10\/2017\/03\/the7-new-fav1.gif","general-favicon_hd":"\/wp-content\/uploads\/sites\/10\/2017\/03\/the7-new-fav-hd1.gif","general-filter-margin":"0px 5px 0px 5px","general-filter-margin-bottom":0,"general-filter-margin-left":5,"general-filter-margin-right":5,"general-filter-margin-top":0,"general-filter-padding":"4px 10px 4px 10px","general-filter-padding-bottom":4,"general-filter-padding-left":10,"general-filter-padding-right":10,"general-filter-padding-top":4,"general-filter_style":"minimal","general-filter_style-material-line_size":"2px","general-filter_style-minimal-border_radius":"0px","general-fullscreen_overlay_color":"rgba(255,255,255,1)","general-fullscreen_overlay_color_mode":"color","general-fullscreen_overlay_gradient":"135deg|#8224e3 30%|#dd3333 100%","general-fullscreen_overlay_opacity":100,"general-handheld_icon-old_ipad":"","general-handheld_icon-old_iphone":"","general-handheld_icon-retina_ipad":"","general-handheld_icon-retina_iphone":"","general-images_lazy_loading":"1","general-layout":"wide","general-lightbox_arrow_size":"62px","general-lightbox_overlay_opacity":85,"general-loader_style":"square_jelly_box","general-navigation_margin":"50px","general-next_prev_in_album":"1","general-next_prev_in_blog":"1","general-next_prev_in_portfolio":"1","general-page-title-typography":{"font_family":"Open Sans Condensed:700","font_size":34,"line_height":40,"text_transform":"uppercase"},"general-page_content_bottom_margin":70,"general-page_content_margin":"70px 50px 70px 50px","general-page_content_mobile_margin":"70px 20px 70px 20px","general-page_content_top_margin":70,"general-portfolio_meta_author":"1","general-portfolio_meta_categories":"1","general-portfolio_meta_comments":"1","general-portfolio_meta_date":"1","general-portfolio_meta_on":"1","general-portfolio_thumbnail_proportions":{"width":3,"height":2},"general-portfolio_thumbnail_size":"original","general-post_back_button_url":"\/corporate\/news\/","general-project_back_button_url":"","general-rel_posts_head_title":"Related posts","general-rel_posts_max":6,"general-rel_projects_details":"1","general-rel_projects_excerpt":"1","general-rel_projects_fullwidth_height":210,"general-rel_projects_fullwidth_width":210,"general-rel_projects_fullwidth_width_style":"prop","general-rel_projects_head_title":"Related projects","general-rel_projects_height":180,"general-rel_projects_info_author":"1","general-rel_projects_info_categories":"1","general-rel_projects_info_comments":"1","general-rel_projects_info_date":"1","general-rel_projects_link":"1","general-rel_projects_max":12,"general-rel_projects_title":"1","general-rel_projects_width":180,"general-rel_projects_width_style":"prop","general-rel_projects_zoom":"1","general-responsive":"1","general-responsive_title_height":"120px","general-responsive_title_line_height":32,"general-responsive_title_size":26,"general-show_author_in_blog":"1","general-show_back_button_in_album":"1","general-show_back_button_in_post":"1","general-show_back_button_in_project":"0","general-show_breadcrumbs":"1","general-show_rel_posts":"1","general-show_rel_projects":"0","general-show_titles":"1","general-slideshow_bullets_style":"transparent","general-smooth_scroll":"off","general-spinner_color":"rgba(255,181,54,1)","general-spinner_opacity":100,"general-switch_content_paddings":"992px","general-title_align":"left","general-title_bg_color":"rgba(31,54,92,1)","general-title_bg_fixed":false,"general-title_bg_fullscreen":false,"general-title_bg_gradient":"135deg|#4a66d6 30%|#12b4ea 100%","general-title_bg_image":{"image":"","repeat":"repeat","position_x":"center","position_y":"center"},"general-title_bg_mode":"background","general-title_bg_opacity":100,"general-title_bg_overlay":false,"general-title_bg_overlay_opacity":50,"general-title_bg_parallax":"","general-title_color":"#ffffff","general-title_decoration":"none","general-title_decoration_line_color":"rgba(220,220,220,0.6)","general-title_decoration_line_height":"1px","general-title_decoration_line_opacity":60,"general-title_decoration_line_style":"solid","general-title_decoration_outline_color":"rgba(30,115,190,0)","general-title_decoration_outline_height":"1px","general-title_decoration_outline_opacity":0,"general-title_decoration_outline_style":"solid","general-title_dir_gradient":135,"general-title_enable_bg_img":"disabled","general-title_height":"120px","general-title_overlay_color":"rgba(0,0,0,0.5)","general-title_responsive_breadcrumbs":false,"general-title_scroll_effect":"default","general-titles-responsiveness-switch":"990px","general-titles_responsiveness":"1","header-background":"normal","header-bg-color":"rgba(255,255,255,1)","header-bg-image":{"image":"","repeat":"repeat","position_x":"center","position_y":"top"},"header-bg-is_fixed":false,"header-bg-is_fullscreen":false,"header-bg-opacity":100,"header-classic-elements":{"top_bar_left":["working_hours","address","phone"],"top_bar_right":["social_icons"],"near_menu_right":["search"],"near_logo_right":["text_area"]},"header-classic-elements-near_logo-custom-icon-color":"","header-classic-elements-near_logo-custom-icon-size":"16","header-classic-elements-near_logo-font_color":"#1f365c","header-classic-elements-near_logo-typography":{"font_family":"Open Sans Condensed:700","font_size":"18"},"header-classic-elements-near_logo_left-padding":"0px 0px 0px 0px","header-classic-elements-near_logo_left-padding-bottom":0,"header-classic-elements-near_logo_left-padding-left":0,"header-classic-elements-near_logo_left-padding-right":0,"header-classic-elements-near_logo_left-padding-top":0,"header-classic-elements-near_logo_right-padding":"0px 0px 0px 0px","header-classic-elements-near_logo_right-padding-bottom":0,"header-classic-elements-near_logo_right-padding-left":0,"header-classic-elements-near_logo_right-padding-right":0,"header-classic-elements-near_logo_right-padding-top":0,"header-classic-elements-near_menu-custom-icon-color":"","header-classic-elements-near_menu-custom-icon-size":"16","header-classic-elements-near_menu-font_color":"#1f365c","header-classic-elements-near_menu-typography":{"font_family":"Open Sans Condensed:700","font_size":"14"},"header-classic-elements-near_menu_right-padding":"0px 0px 0px 30px","header-classic-elements-near_menu_right-padding-bottom":0,"header-classic-elements-near_menu_right-padding-left":30,"header-classic-elements-near_menu_right-padding-right":0,"header-classic-elements-near_menu_right-padding-top":0,"header-classic-height":"180px","header-classic-is_fullwidth":"0","header-classic-logo-position":"left","header-classic-menu-bg-color":"rgba(51,51,51,0.12)","header-classic-menu-bg-opacity":12,"header-classic-menu-bg-style":"fullwidth_line","header-classic-menu-line_size":"1px","header-classic-menu-margin":"0px 0px","header-classic-menu-margin-bottom":0,"header-classic-menu-margin-top":0,"header-classic-menu-position":"justify","header-classic-show_elements":"1","header-classic-side-padding":"50px 50px","header-classic-switch_paddings":"0px","header-classic_mobile_paddings":"0px 0px","header-decoration":"disabled","header-decoration-color":"rgba(51,51,51,0.12)","header-decoration-line_size":"1px","header-decoration-opacity":12,"header-elements-button-1-bg":"accent","header-elements-button-1-bg-color":"#ffffff","header-elements-button-1-bg-gradient":"135deg|#ffffff 30%|#000000 100%","header-elements-button-1-border-color":"accent","header-elements-button-1-border-color-mono":"#ffffff","header-elements-button-1-border_radius":"0px","header-elements-button-1-border_width":"1px","header-elements-button-1-choose-icon":"","header-elements-button-1-first-header-switch":"near_logo","header-elements-button-1-hover-bg":"accent","header-elements-button-1-hover-bg-color":"#ffffff","header-elements-button-1-hover-bg-gradient":"135deg|#ffffff 30%|#000000 100%","header-elements-button-1-hover-border-color":"accent","header-elements-button-1-hover-border-color-mono":"#ffffff","header-elements-button-1-hover-icon-color":"color","header-elements-button-1-hover-icon-color-gradient":"90deg|#ffffff 30%|#000000 100%","header-elements-button-1-hover-icon-color-mono":"#ffffff","header-elements-button-1-icon":false,"header-elements-button-1-icon-color":"color","header-elements-button-1-icon-color-gradient":"90deg|#ffffff 30%|#000000 100%","header-elements-button-1-icon-color-mono":"#ffffff","header-elements-button-1-icon-position":"right","header-elements-button-1-icon-size":"14","header-elements-button-1-icon_gap":"5px","header-elements-button-1-name":"Button","header-elements-button-1-on-desktops":"show","header-elements-button-1-padding":"10px 20px 10px 20px","header-elements-button-1-second-header-switch":"in_menu","header-elements-button-1-smooth-scroll":false,"header-elements-button-1-target":false,"header-elements-button-1-typography":{"font_family":"Roboto:700","font_size":"14"},"header-elements-button-1-url":"","header-elements-button-2-bg":"accent","header-elements-button-2-bg-color":"#ffffff","header-elements-button-2-bg-gradient":"135deg|#ffffff 30%|#000000 100%","header-elements-button-2-border-color":"accent","header-elements-button-2-border-color-mono":"#ffffff","header-elements-button-2-border_radius":"0px","header-elements-button-2-border_width":"1px","header-elements-button-2-choose-icon":"","header-elements-button-2-first-header-switch":"near_logo","header-elements-button-2-hover-bg":"accent","header-elements-button-2-hover-bg-color":"#ffffff","header-elements-button-2-hover-bg-gradient":"135deg|#ffffff 30%|#000000 100%","header-elements-button-2-hover-border-color":"accent","header-elements-button-2-hover-border-color-mono":"#ffffff","header-elements-button-2-hover-icon-color":"color","header-elements-button-2-hover-icon-color-gradient":"90deg|#ffffff 30%|#000000 100%","header-elements-button-2-hover-icon-color-mono":"#ffffff","header-elements-button-2-icon":false,"header-elements-button-2-icon-color":"color","header-elements-button-2-icon-color-gradient":"90deg|#ffffff 30%|#000000 100%","header-elements-button-2-icon-color-mono":"#ffffff","header-elements-button-2-icon-position":"right","header-elements-button-2-icon-size":"14","header-elements-button-2-icon_gap":"5px","header-elements-button-2-name":"Button","header-elements-button-2-on-desktops":"show","header-elements-button-2-padding":"10px 20px 10px 20px","header-elements-button-2-second-header-switch":"in_menu","header-elements-button-2-smooth-scroll":false,"header-elements-button-2-target":false,"header-elements-button-2-typography":{"font_family":"Roboto:700","font_size":"14"},"header-elements-button-2-url":"","header-elements-contact-address-caption":"SoHo 94 Broadway St New York, NY 10012","header-elements-contact-address-custom-icon":"icomoon-the7-font-the7-map-04","header-elements-contact-address-first-header-switch":"top_bar_left","header-elements-contact-address-icon":"custom","header-elements-contact-address-on-desktops":"show","header-elements-contact-address-second-header-switch":"in_menu","header-elements-contact-address-url":"","header-elements-contact-clock-caption":"Mon - Fri: 9AM - 7PM","header-elements-contact-clock-custom-icon":"icomoon-the7-font-the7-clock-01","header-elements-contact-clock-first-header-switch":"top_bar_left","header-elements-contact-clock-icon":"custom","header-elements-contact-clock-on-desktops":"show","header-elements-contact-clock-second-header-switch":"in_menu","header-elements-contact-clock-url":"","header-elements-contact-email-caption":"","header-elements-contact-email-custom-icon":"the7-mw-icon-mail-bold","header-elements-contact-email-first-header-switch":"near_logo","header-elements-contact-email-icon":"custom","header-elements-contact-email-on-desktops":"show","header-elements-contact-email-second-header-switch":"in_menu","header-elements-contact-email-url":"","header-elements-contact-multipurpose_1-caption":"","header-elements-contact-multipurpose_1-custom-icon":"","header-elements-contact-multipurpose_1-first-header-switch":"near_logo","header-elements-contact-multipurpose_1-icon":"custom","header-elements-contact-multipurpose_1-on-desktops":"show","header-elements-contact-multipurpose_1-second-header-switch":"in_menu","header-elements-contact-multipurpose_1-url":"","header-elements-contact-multipurpose_2-caption":"","header-elements-contact-multipurpose_2-custom-icon":"","header-elements-contact-multipurpose_2-first-header-switch":"near_logo","header-elements-contact-multipurpose_2-icon":"custom","header-elements-contact-multipurpose_2-on-desktops":"show","header-elements-contact-multipurpose_2-second-header-switch":"in_menu","header-elements-contact-multipurpose_2-url":"","header-elements-contact-multipurpose_3-caption":"","header-elements-contact-multipurpose_3-custom-icon":"","header-elements-contact-multipurpose_3-first-header-switch":"near_logo","header-elements-contact-multipurpose_3-icon":"custom","header-elements-contact-multipurpose_3-on-desktops":"show","header-elements-contact-multipurpose_3-second-header-switch":"in_menu","header-elements-contact-multipurpose_3-url":"","header-elements-contact-multipurpose_4-caption":"","header-elements-contact-multipurpose_4-custom-icon":"","header-elements-contact-multipurpose_4-first-header-switch":"near_logo","header-elements-contact-multipurpose_4-icon":"custom","header-elements-contact-multipurpose_4-on-desktops":"show","header-elements-contact-multipurpose_4-second-header-switch":"in_menu","header-elements-contact-multipurpose_4-url":"","header-elements-contact-phone-caption":"001-234-5678","header-elements-contact-phone-custom-icon":"icomoon-the7-font-the7-phone-06","header-elements-contact-phone-first-header-switch":"hidden","header-elements-contact-phone-icon":"custom","header-elements-contact-phone-on-desktops":"hide","header-elements-contact-phone-second-header-switch":"in_top_bar","header-elements-contact-phone-url":"","header-elements-contact-skype-caption":"","header-elements-contact-skype-custom-icon":"the7-mw-icon-skype-bold","header-elements-contact-skype-first-header-switch":"near_logo","header-elements-contact-skype-icon":"custom","header-elements-contact-skype-on-desktops":"show","header-elements-contact-skype-second-header-switch":"in_menu","header-elements-contact-skype-url":"","header-elements-edd_cart-sub_cart-bg-color":"rgba(255,255,255,1)","header-elements-edd_cart-sub_cart-bg-width":250,"header-elements-edd_cart-sub_cart-font-color":"#1f365c","header-elements-login-caption":"Login","header-elements-login-custom-icon":"the7-mw-icon-login-bold","header-elements-login-first-header-switch":"near_logo","header-elements-login-icon":"custom","header-elements-login-logout_url":"","header-elements-login-on-desktops":"show","header-elements-login-second-header-switch":"in_menu","header-elements-login-url":"","header-elements-login-use_logout_url":false,"header-elements-logout-caption":"Logout","header-elements-menu-first-header-switch":"near_logo","header-elements-menu-icon":"custom","header-elements-menu-on-desktops":"show","header-elements-menu-second-header-switch":"hidden","header-elements-menu-style":"list","header-elements-menu-style-first-switch":"dropdown","header-elements-menu-style-second-switch":"dropdown","header-elements-menu2-first-header-switch":"near_logo","header-elements-menu2-icon":"custom","header-elements-menu2-on-desktops":"show","header-elements-menu2-second-header-switch":"in_menu","header-elements-menu2-style":"dropdown","header-elements-menu2-style-first-switch":"dropdown","header-elements-menu2-style-second-switch":"dropdown","header-elements-menu2_custom-icon":"the7-mw-icon-dropdown-menu-bold","header-elements-menu_custom-icon":"the7-mw-icon-dropdown-menu-bold","header-elements-near_logo-font_color":"#1f365c","header-elements-near_logo-font_family":"Open Sans Condensed:700","header-elements-near_logo-font_size":18,"header-elements-near_menu-font_color":"#1f365c","header-elements-near_menu-font_family":"Open Sans Condensed:700","header-elements-near_menu-font_size":14,"header-elements-search-by":"general","header-elements-search-caption":"SEARCH","header-elements-search-first-header-switch":"near_logo","header-elements-search-icon":"custom","header-elements-search-input-caption":"Type and hit enter \u2026","header-elements-search-on-desktops":"show","header-elements-search-second-header-switch":"in_menu","header-elements-search_custom-icon":"the7-mw-icon-search-bold","header-elements-soc_icons":[{"icon":"facebook","url":"http:\/\/www.facebook.com\/messagingservice"},{"icon":"twitter","url":"http:\/\/www.twitter.com\/accessdirect"},{"icon":"linkedin","url":"http:\/\/www.linkedin.com\/company\/2125229"},{"icon":"rss","url":"http:\/\/www.messagingservice.com\/feed\/"},{"icon":"you-tube","url":"http:\/\/www.youtube.com\/user\/accessdirect"}],"header-elements-soc_icons-bg":"color","header-elements-soc_icons-bg-color":"rgba(31,54,92,1)","header-elements-soc_icons-bg-gradient":"135deg|#8224e3 30%|#43d8c7 100%","header-elements-soc_icons-bg-hover-opacity":100,"header-elements-soc_icons-bg-opacity":100,"header-elements-soc_icons-bg-size":"26px","header-elements-soc_icons-border":"disabled","header-elements-soc_icons-border-color":"#ffffff","header-elements-soc_icons-color":"#ffffff","header-elements-soc_icons-first-header-switch":"top_bar_right","header-elements-soc_icons-hover-bg":"accent","header-elements-soc_icons-hover-bg-color":"rgba(237,237,237,1)","header-elements-soc_icons-hover-bg-gradient":"135deg|#ef5689 30%|#a6ff16 100%","header-elements-soc_icons-hover-border":"disabled","header-elements-soc_icons-hover-border-color":"#ffffff","header-elements-soc_icons-hover-color":"#ffffff","header-elements-soc_icons-on-desktops":"show","header-elements-soc_icons-second-header-switch":"in_top_bar","header-elements-soc_icons-size":"16px","header-elements-soc_icons_border_radius":"100px","header-elements-soc_icons_border_width":"1px","header-elements-soc_icons_gap":4,"header-elements-text":"<span style=\"font-size: 17px; line-height: 17px; color: #ffb536;\">GET FREE CONSULTATION!<\/span><br\/>\r\n<span style=\"font-size: 32px; line-height: 32px;\">001-234-5678<\/span>","header-elements-text-2":"Some call to action text goes here!","header-elements-text-2-first-header-switch":"near_logo","header-elements-text-2-on-desktops":"show","header-elements-text-2-second-header-switch":"in_menu","header-elements-text-3":"Some call to action text goes here!","header-elements-text-3-first-header-switch":"near_logo","header-elements-text-3-on-desktops":"show","header-elements-text-3-second-header-switch":"in_menu","header-elements-text-4":"","header-elements-text-4-first-header-switch":"near_logo","header-elements-text-4-on-desktops":"show","header-elements-text-4-second-header-switch":"in_menu","header-elements-text-5":"","header-elements-text-5-first-header-switch":"near_logo","header-elements-text-5-on-desktops":"show","header-elements-text-5-second-header-switch":"in_menu","header-elements-text-first-header-switch":"in_menu","header-elements-text-on-desktops":"show","header-elements-text-second-header-switch":"hidden","header-elements-woocommerce_cart-font-content":{"font_family":"Open Sans","responsive_font_size":{"desktop":"14px"},"responsive_line_height":{"desktop":"22px"}},"header-elements-woocommerce_cart-sub_cart-bg-color":"rgba(255,255,255,1)","header-elements-woocommerce_cart-sub_cart-bg-width":250,"header-elements-woocommerce_cart-sub_cart-font-color":"#1f365c","header-floating_microwidgets-font":"default","header-floating_microwidgets-font-color":"#ffffff","header-floating_microwidgets-icon":"default","header-floating_microwidgets-icon-color":"#ffffff","header-floating_navigation-active_item-font-color":"#ffffff","header-floating_navigation-active_item-font-gradient":"90deg|#ffffff 30%|#000000 100%","header-floating_navigation-bg-color":"rgba(255,255,255,1)","header-floating_navigation-bg-image":{"image":"","repeat":"repeat","position_x":"center","position_y":"center"},"header-floating_navigation-bg-is_fullscreen":false,"header-floating_navigation-bg-opacity":100,"header-floating_navigation-decoration":"shadow","header-floating_navigation-decoration-color":"rgba(221,51,51,1)","header-floating_navigation-decoration-line_size":"1px","header-floating_navigation-decoration-opacity":100,"header-floating_navigation-font-active":"default","header-floating_navigation-font-color":"#ffffff","header-floating_navigation-font-hover":"default","header-floating_navigation-font-normal":"default","header-floating_navigation-height":"60px","header-floating_navigation-hover-font-color":"#ffffff","header-floating_navigation-hover-font-gradient":"90deg|#ffffff 30%|#000000 100%","header-floating_navigation-show_after":"240px","header-floating_navigation-style":"fade","header-floating_navigation-top-bar":false,"header-inline-elements":{"top_bar_left":["phone","email"],"top_bar_right":["social_icons"],"near_menu_right":["search"]},"header-inline-elements-near_menu-custom-icon-color":"","header-inline-elements-near_menu-custom-icon-size":"16","header-inline-elements-near_menu-font_color":"#888888","header-inline-elements-near_menu-typography":{"font_family":"Arial","font_size":"14"},"header-inline-elements-near_menu_right-padding":"0px 30px 0px 30px","header-inline-elements-near_menu_right-padding-bottom":0,"header-inline-elements-near_menu_right-padding-left":30,"header-inline-elements-near_menu_right-padding-right":30,"header-inline-elements-near_menu_right-padding-top":0,"header-inline-height":"55px","header-inline-is_fullwidth":"1","header-inline-menu-position":"right","header-inline-show_elements":"1","header-inline-side-padding":"30px 30px","header-inline-switch_paddings":"0px","header-inline_mobile_paddings":"0px 0px","header-layout":"classic","header-logo-padding":"0px 0px 0px 0px","header-logo-padding-bottom":0,"header-logo-padding-left":0,"header-logo-padding-right":0,"header-logo-padding-top":0,"header-logo_hd":["\/wp-content\/uploads\/sites\/41\/2017\/06\/as.png",1450],"header-logo_regular":["\/wp-content\/uploads\/sites\/41\/2017\/06\/ass.png",1451],"header-mega-menu-desc-font-color":"#1f365c","header-mega-menu-desc-typography":{"font_family":"Open Sans","font_size":"12"},"header-mega-menu-items-padding":"0px 0px 0px 0px","header-mega-menu-submenu-2-level-spacing":"0px","header-mega-menu-submenu-bg-padding":"0px 15px 0px 15px","header-mega-menu-submenu-column-padding":"30px 15px 30px 15px","header-mega-menu-submenu-column-width":"240px","header-mega-menu-title-active_item-font-color":"#ffffff","header-mega-menu-title-active_item-font-color-style":"accent","header-mega-menu-title-active_item-font-gradient":"90deg|#ffffff 30%|#000000 100%","header-mega-menu-title-font-color":"#1f365c","header-mega-menu-title-hover-font-color":"#ffffff","header-mega-menu-title-hover-font-color-style":"accent","header-mega-menu-title-hover-font-gradient":"90deg|#ffffff 30%|#000000 100%","header-mega-menu-title-icon-size":"18","header-mega-menu-title-typography":{"font_family":"Open Sans Condensed:700","text_transform":"none","font_size":"18"},"header-mega-menu-widget-accent-color":"","header-mega-menu-widget-font-color":"#1f365c","header-mega-menu-widget-title-color":"#1f365c","header-menu-active_item-font-color":"#1f365c","header-menu-active_item-font-color-style":"color","header-menu-active_item-font-gradient":"90deg|#dd3333 30%|#0ce6ab 100%","header-menu-close_icon-caption":"disabled","header-menu-close_icon-caption-text":"Navigation","header-menu-close_icon-caption-typography":{"font_family":"Roboto","text_transform":"uppercase","font_size":"16"},"header-menu-close_icon-caption_gap":"20px","header-menu-close_icon-position":"outside","header-menu-close_icon-size":"fade_medium","header-menu-decoration-other-active-color":"rgba(255,255,255,0.15)","header-menu-decoration-other-active-color-style":"accent","header-menu-decoration-other-active-gradient":"135deg|rgba(255,255,255,0.15) 30%|rgba(0,0,0,0.15) 100%","header-menu-decoration-other-active-line":"0","header-menu-decoration-other-active-line-color":"rgba(130,36,227,0.3)","header-menu-decoration-other-active-line-color-style":"color","header-menu-decoration-other-active-line-gradient":"135deg|rgba(221,51,51,0.3) 30%|rgba(129,215,66,0.3) 100%","header-menu-decoration-other-active-line-opacity":"30","header-menu-decoration-other-active-opacity":"15","header-menu-decoration-other-active-style":"background","header-menu-decoration-other-border-radius":"6","header-menu-decoration-other-click_decor":"1","header-menu-decoration-other-click_decor-color":"rgba(255,255,255,0.2)","header-menu-decoration-other-click_decor-color-style":"accent","header-menu-decoration-other-click_decor-gradient":"135deg|rgba(255,255,255,0.2) 30%|rgba(0,0,0,0.2) 100%","header-menu-decoration-other-click_decor-opacity":20,"header-menu-decoration-other-hover-color":"rgba(255,255,255,0.15)","header-menu-decoration-other-hover-color-style":"accent","header-menu-decoration-other-hover-gradient":"135deg|rgba(255,255,255,0.15) 30%|rgba(0,0,0,0.15) 100%","header-menu-decoration-other-hover-line":"0","header-menu-decoration-other-hover-line-color":"rgba(221,51,51,0.23)","header-menu-decoration-other-hover-line-color-style":"gradient","header-menu-decoration-other-hover-line-gradient":"135deg|rgba(255,255,255,0.23) 30%|rgba(0,0,0,0.23) 100%","header-menu-decoration-other-hover-line-opacity":"23","header-menu-decoration-other-hover-style":"background","header-menu-decoration-other-line_size":"2px","header-menu-decoration-other-links-is_justified":"0","header-menu-decoration-other-opacity":"15","header-menu-decoration-style":"underline","header-menu-decoration-underline-color":"#ffb536","header-menu-decoration-underline-color-style":"accent","header-menu-decoration-underline-direction":"upwards","header-menu-decoration-underline-gradient":"135deg|#eeee22 30%|#0bed56 100%","header-menu-decoration-underline-line_size":"2px","header-menu-dividers-color":"rgba(51,51,51,0.12)","header-menu-dividers-height":"18px","header-menu-dividers-height-style":"custom","header-menu-dividers-opacity":12,"header-menu-dividers-surround":"1","header-menu-dividers-width":"1px","header-menu-font-color":"#8c95a2","header-menu-hover-font-color":"#1f365c","header-menu-hover-font-color-style":"color","header-menu-hover-font-gradient":"90deg|#dd3333 30%|#0ce6ab 100%","header-menu-icon-size":"16","header-menu-item-margin":"17px 0px 15px 0px","header-menu-item-margin-bottom":15,"header-menu-item-margin-left":0,"header-menu-item-margin-right":0,"header-menu-item-margin-top":17,"header-menu-item-padding":"4px 0px 4px 0px","header-menu-item-padding-bottom":4,"header-menu-item-padding-left":0,"header-menu-item-padding-right":0,"header-menu-item-padding-top":4,"header-menu-item-surround_margins-custom-margin":"30px","header-menu-item-surround_margins-style":"regular","header-menu-show_dividers":"1","header-menu-show_next_lvl_icons":"1","header-menu-submenu-active-bg-color":"rgba(31,54,92,0.07)","header-menu-submenu-active-bg-color-style":"accent","header-menu-submenu-active-bg-gradient":"90deg|#81d742 30%|#eeee22 100%","header-menu-submenu-active-bg-opacity":"7","header-menu-submenu-active-font-color":"#1f365c","header-menu-submenu-active-font-color-style":"accent","header-menu-submenu-active-font-gradient":"90deg|#81d742 30%|#eeee22 100%","header-menu-submenu-bg-color":"rgba(255,255,255,1)","header-menu-submenu-bg-hover":"none","header-menu-submenu-bg-opacity":100,"header-menu-submenu-bg-padding":"10px 10px 10px 10px","header-menu-submenu-bg-width":"250px","header-menu-submenu-display":"hover","header-menu-submenu-font-color":"#1f365c","header-menu-submenu-hover-bg-color":"rgba(31,54,92,0.07)","header-menu-submenu-hover-bg-color-style":"accent","header-menu-submenu-hover-bg-gradient":"90deg|#81d742 30%|#eeee22 100%","header-menu-submenu-hover-bg-opacity":"7","header-menu-submenu-hover-font-color":"#1f365c","header-menu-submenu-hover-font-color-style":"accent","header-menu-submenu-hover-font-gradient":"90deg|#81d742 30%|#eeee22 100%","header-menu-submenu-icon-size":"14","header-menu-submenu-item-margin":"0px 0px 0px 0px","header-menu-submenu-item-margin-bottom":0,"header-menu-submenu-item-margin-left":0,"header-menu-submenu-item-margin-right":0,"header-menu-submenu-item-margin-top":0,"header-menu-submenu-item-padding":"10px 10px 10px 10px","header-menu-submenu-item-padding-bottom":10,"header-menu-submenu-item-padding-left":10,"header-menu-submenu-item-padding-right":10,"header-menu-submenu-item-padding-top":10,"header-menu-submenu-parent_is_clickable":"1","header-menu-submenu-show_next_lvl_icons":"1","header-menu-submenu-subtitle-typography":{"font_family":"Roboto:400italic","font_size":"11"},"header-menu-submenu-typography":{"font_family":"Roboto Condensed:700","text_transform":"uppercase","font_size":"14"},"header-menu-subtitle-typography":{"font_family":"Roboto Condensed","font_size":"11"},"header-menu-typography":{"font_family":"Roboto Condensed:700","text_transform":"uppercase","font_size":"17"},"header-menu_close_icon-bg":"enabled","header-menu_close_icon-bg-border-radius":"0px","header-menu_close_icon-bg-border-width":"0px","header-menu_close_icon-bg-color":"rgba(255,255,255,0.75)","header-menu_close_icon-bg-hover":"enabled","header-menu_close_icon-border":"enabled","header-menu_close_icon-border-color":"","header-menu_close_icon-border-color-hover":"","header-menu_close_icon-border-hover":"enabled","header-menu_close_icon-caption_color":"#000000","header-menu_close_icon-caption_color-hover":"#000000","header-menu_close_icon-color":"#000000","header-menu_close_icon-hover-color":"#000000","header-menu_close_icon-margin":"30px 30px 30px 30px","header-menu_close_icon-padding":"15px 15px 15px 15px","header-menu_icon-bg":"enabled","header-menu_icon-bg-border-radius":"0px","header-menu_icon-bg-border-width":"0px","header-menu_icon-bg-color":"rgba(255,255,255,0.75)","header-menu_icon-bg-color-hover":"rgba(255,255,255,0.75)","header-menu_icon-bg-hover":"enabled","header-menu_icon-bg-opacity":75,"header-menu_icon-border":"enabled","header-menu_icon-border-color":"","header-menu_icon-border-hover":"enabled","header-menu_icon-border-hover-color":"","header-menu_icon-caption":"disabled","header-menu_icon-caption-padding":"18px 15px 18px 15px","header-menu_icon-caption-text":"Menu","header-menu_icon-caption-typography":{"font_family":"Roboto","text_transform":"none","font_size":"16"},"header-menu_icon-caption_color":"#000000","header-menu_icon-caption_color-hover":"#000000","header-menu_icon-caption_gap":"10px","header-menu_icon-color":"#000000","header-menu_icon-color-hover":"#000000","header-menu_icon-elements":[],"header-menu_icon-elements-below_menu-padding":"0px 0px 0px 0px","header-menu_icon-elements-near_menu-custom-icon-color":"","header-menu_icon-elements-near_menu-custom-icon-size":"16","header-menu_icon-elements-near_menu-font_color":"#888888","header-menu_icon-elements-near_menu-typography":{"font_family":"Arial","font_size":"14"},"header-menu_icon-hover-bg-color":"rgba(255,255,255,0.75)","header-menu_icon-hover-bg-opacity":75,"header-menu_icon-margin":"0px 0px 0px 0px","header-menu_icon-margin-bottom":0,"header-menu_icon-margin-left":0,"header-menu_icon-margin-right":0,"header-menu_icon-margin-top":0,"header-menu_icon-show_elements":"0","header-menu_icon-size":"medium","header-mixed-bg-color":"rgba(255,255,255,1)","header-mixed-bg-opacity":100,"header-mixed-decoration":"shadow","header-mixed-decoration-color":"rgba(221,153,51,1)","header-mixed-decoration-opacity":100,"header-mixed-decoration_size":"1px","header-mixed-floating-top-bar":false,"header-mixed-sticky-bg-color":"#000000","header-mobile-content-padding":"45px 15px 30px 30px","header-mobile-decoration":"shadow","header-mobile-decoration-color":"#ffffff","header-mobile-decoration-line_size":"1px","header-mobile-first_switch-after":"992px","header-mobile-first_switch-height":"80px","header-mobile-first_switch-layout":"right_left","header-mobile-first_switch-logo":"desktop","header-mobile-first_switch-side-padding":"20px 20px","header-mobile-floating-bg-color":"rgba(255,255,255,1)","header-mobile-floating_navigation":"sticky","header-mobile-header-bg-color":"rgba(255,255,255,1)","header-mobile-menu-align":"right","header-mobile-menu-bg-color":"rgba(255,255,255,1)","header-mobile-menu-bg-opacity":100,"header-mobile-menu-bg-width":"340px","header-mobile-menu-close_icon-caption":"disabled","header-mobile-menu-close_icon-caption-text":"Menu","header-mobile-menu-close_icon-caption-typography":{"font_family":"Roboto","text_transform":"none","font_size":"16"},"header-mobile-menu-close_icon-caption_gap":"10px","header-mobile-menu-close_icon-position":"right","header-mobile-menu-close_icon-size":"fade_medium","header-mobile-menu-dividers-color":"rgba(31,54,92,0.12)","header-mobile-menu-dividers-height":"1px","header-mobile-menu-font-color":"#1f365c","header-mobile-menu-font-hover-color":"#203961","header-mobile-menu-font-hover-color-style":"accent","header-mobile-menu-font-hover-gradient":"90deg|#81d742 30%|#eeee22 100%","header-mobile-menu-show_dividers":"1","header-mobile-menu-typography":{"font_family":"Roboto Condensed:700","text_transform":"uppercase","font_size":"17"},"header-mobile-menu_close-caption_color":"#fff","header-mobile-menu_close-caption_color-hover":"#fff","header-mobile-menu_close_icon-bg":"enabled","header-mobile-menu_close_icon-bg-border-radius":"0px","header-mobile-menu_close_icon-bg-border-width":"0px","header-mobile-menu_close_icon-bg-color":"","header-mobile-menu_close_icon-bg-hover":"enabled","header-mobile-menu_close_icon-border":"disabled","header-mobile-menu_close_icon-border-color":"","header-mobile-menu_close_icon-border-color-hover":"","header-mobile-menu_close_icon-border-hover":"disabled","header-mobile-menu_close_icon-color":"#fff","header-mobile-menu_close_icon-hover-color":"#fff","header-mobile-menu_close_icon-margin":"15px 0px 0px 0px","header-mobile-menu_close_icon-padding":"5px 5px 5px 5px","header-mobile-menu_icon-bg-border-radius":"500px","header-mobile-menu_icon-bg-border-width":"0px","header-mobile-menu_icon-bg-color":"","header-mobile-menu_icon-bg-color-hover":"","header-mobile-menu_icon-bg-enable":"1","header-mobile-menu_icon-bg-hover":"1","header-mobile-menu_icon-border":"disabled","header-mobile-menu_icon-border-color":"","header-mobile-menu_icon-border-hover":"disabled","header-mobile-menu_icon-border-hover-color":"","header-mobile-menu_icon-caption":"disabled","header-mobile-menu_icon-caption-padding":"12px 9px 12px 9px","header-mobile-menu_icon-caption-text":"Menu","header-mobile-menu_icon-caption-typography":{"font_family":"Roboto","text_transform":"none","font_size":"16"},"header-mobile-menu_icon-caption_color":"#ffffff","header-mobile-menu_icon-caption_color-hover":"#ffffff","header-mobile-menu_icon-caption_gap":"10px","header-mobile-menu_icon-color":"#ffffff","header-mobile-menu_icon-color-hover":"#ffffff","header-mobile-menu_icon-hover-bg-color":"","header-mobile-menu_icon-margin":"0px 0px 0px 0px","header-mobile-menu_icon-size":"small","header-mobile-microwidgets-custom-icon-color":"","header-mobile-microwidgets-custom-icon-size":"16","header-mobile-microwidgets-font-color":"#1f365c","header-mobile-microwidgets-typography":{"font_family":"Open Sans Condensed:700","font_size":"14"},"header-mobile-overlay-bg-color":"rgba(17,17,17,0.5)","header-mobile-second_switch-after":"650px","header-mobile-second_switch-height":"60px","header-mobile-second_switch-layout":"right_left","header-mobile-second_switch-logo":"mobile","header-mobile-second_switch-side-padding":"20px 20px","header-mobile-submenu-typography":{"font_family":"Roboto Condensed:700","text_transform":"none","font_size":"14"},"header-overlay-content-padding":"0px 0px 0px 0px","header-overlay-content-padding-bottom":0,"header-overlay-content-padding-left":0,"header-overlay-content-padding-right":0,"header-overlay-content-padding-top":0,"header-overlay-content-position":"center","header-overlay-content-width":"300px","header-overlay-elements":{"below_menu":["search"],"side_top_line":["social_icons","text_area","phone"]},"header-overlay-elements-below_menu-padding":"0px 0px 0px 0px","header-overlay-elements-below_menu-padding-bottom":0,"header-overlay-elements-below_menu-padding-left":0,"header-overlay-elements-below_menu-padding-right":0,"header-overlay-elements-below_menu-padding-top":0,"header-overlay-elements-top_line-padding":"0px 40px 0px 40px","header-overlay-elements-top_line-padding-bottom":0,"header-overlay-elements-top_line-padding-left":40,"header-overlay-elements-top_line-padding-right":40,"header-overlay-elements-top_line-padding-top":0,"header-overlay-icons_style":"bold","header-overlay-layout":"menu_icon","header-overlay-layout-menu_icon-show_floating_logo":"1","header-overlay-layout-side_line-width":60,"header-overlay-layout-top_line-height":130,"header-overlay-layout-top_line-is_fullwidth":"0","header-overlay-layout-top_line-logo-position":"left","header-overlay-logo-position":"fully_inside","header-overlay-menu-items_alignment":"center","header-overlay-menu-items_link":"fullwidth","header-overlay-menu-padding":"40px 40px","header-overlay-menu-padding-bottom":40,"header-overlay-menu-padding-top":40,"header-overlay-menu-position":"v_center","header-overlay-show_elements":"1","header-show_floating_navigation":"1","header-side-content-padding":"50px 0px 40px 0px","header-side-content-padding-bottom":40,"header-side-content-padding-left":0,"header-side-content-padding-right":0,"header-side-content-padding-top":50,"header-side-content-position":"center","header-side-content-width":"300px","header-side-elements":{"below_menu":["social_icons","email","skype"]},"header-side-elements-below_menu-padding":"0px 35px 0px 35px","header-side-elements-below_menu-padding-bottom":0,"header-side-elements-below_menu-padding-left":35,"header-side-elements-below_menu-padding-right":35,"header-side-elements-below_menu-padding-top":0,"header-side-elements-near_menu-custom-icon-color":"","header-side-elements-near_menu-custom-icon-size":"16","header-side-elements-near_menu-font_color":"#888888","header-side-elements-near_menu-typography":{"font_family":"Arial","font_size":"14"},"header-side-logo-position":"inside","header-side-menu-items_alignment":"center","header-side-menu-items_link":"fullwidth","header-side-menu-padding":"50px 50px","header-side-menu-padding-bottom":50,"header-side-menu-padding-top":50,"header-side-menu-position":"v_top","header-side-menu-submenu-position":"down","header-side-position":"right","header-side-show_elements":"1","header-side-width":"300px","header-side_line-elements":[],"header-side_line-elements-below_menu-padding":"0px 0px 0px 0px","header-side_line-elements-near_menu-custom-icon-color":"","header-side_line-elements-near_menu-custom-icon-size":"16","header-side_line-elements-near_menu-font_color":"#888888","header-side_line-elements-near_menu-typography":{"font_family":"Arial","font_size":"14"},"header-side_line-show_elements":"0","header-side_line-width":"60px","header-slide_out-content-padding":"50px 0px 50px 0px","header-slide_out-content-padding-bottom":50,"header-slide_out-content-padding-left":0,"header-slide_out-content-padding-right":0,"header-slide_out-content-padding-top":50,"header-slide_out-content-position":"center","header-slide_out-content-width":"350px","header-slide_out-elements":{"side_top_line":["phone","email","skype"]},"header-slide_out-elements-below_menu-padding":"0px 0px 0px 0px","header-slide_out-elements-below_menu-padding-bottom":0,"header-slide_out-elements-below_menu-padding-left":0,"header-slide_out-elements-below_menu-padding-right":0,"header-slide_out-elements-below_menu-padding-top":0,"header-slide_out-elements-top_line-padding":"0px 40px 0px 40px","header-slide_out-elements-top_line-padding-bottom":0,"header-slide_out-elements-top_line-padding-left":40,"header-slide_out-elements-top_line-padding-right":40,"header-slide_out-elements-top_line-padding-top":0,"header-slide_out-icons_style":"bold","header-slide_out-layout":"menu_icon","header-slide_out-layout-menu_icon-show_floating_logo":"1","header-slide_out-layout-side_line-position":"under","header-slide_out-layout-side_line-width":60,"header-slide_out-layout-top_line-height":90,"header-slide_out-layout-top_line-is_fullwidth":"1","header-slide_out-layout-top_line-logo-position":"left","header-slide_out-logo-position":"fully_inside","header-slide_out-menu-items_alignment":"center","header-slide_out-menu-items_link":"fullwidth","header-slide_out-menu-padding":"40px 40px","header-slide_out-menu-padding-bottom":40,"header-slide_out-menu-padding-top":40,"header-slide_out-menu-position":"v_top","header-slide_out-overlay-animation":"fade","header-slide_out-overlay-bg-color":"rgba(31,54,92,0.3)","header-slide_out-overlay-bg-color-style":"color","header-slide_out-overlay-bg-gradient":"135deg|rgba(205,183,226,0.3) 30%|rgba(130,20,130,0.3) 100%","header-slide_out-overlay-bg-opacity":"30","header-slide_out-overlay-blur":"0","header-slide_out-overlay-x_cursor":"1","header-slide_out-overlay-x_cursor-color":"rgba(255,255,255,1)","header-slide_out-overlay-x_cursor-opacity":100,"header-slide_out-position":"left","header-slide_out-show_elements":"1","header-slide_out-width":"400px","header-split-elements":{"near_menu_left":["search"]},"header-split-elements-near_menu-custom-icon-color":"","header-split-elements-near_menu-custom-icon-size":"16","header-split-elements-near_menu-font_color":"#888888","header-split-elements-near_menu-typography":{"font_family":"Arial","font_size":"14"},"header-split-elements-near_menu_left-padding":"0px 20px 0px 20px","header-split-elements-near_menu_left-padding-bottom":0,"header-split-elements-near_menu_left-padding-left":20,"header-split-elements-near_menu_left-padding-right":20,"header-split-elements-near_menu_left-padding-top":0,"header-split-elements-near_menu_right-padding":"0px 20px 0px 20px","header-split-elements-near_menu_right-padding-bottom":0,"header-split-elements-near_menu_right-padding-left":20,"header-split-elements-near_menu_right-padding-right":20,"header-split-elements-near_menu_right-padding-top":0,"header-split-height":"100px","header-split-is_fullwidth":"0","header-split-menu-position":"outside","header-split-show_elements":"1","header-split-side-padding":"30px 30px","header-split-switch_paddings":"0px","header-split_mobile_paddings":"0px 0px","header-style-floating-choose_logo":"none","header-style-floating-logo-padding":"0px 0px 0px 0px","header-style-floating-logo-padding-bottom":0,"header-style-floating-logo-padding-left":0,"header-style-floating-logo-padding-right":0,"header-style-floating-logo-padding-top":0,"header-style-floating-logo_hd":["\/wp-content\/uploads\/sites\/41\/2017\/06\/fl-hd.png",1408],"header-style-floating-logo_regular":["\/wp-content\/uploads\/sites\/41\/2017\/06\/fl.png",1409],"header-style-mixed-logo-padding":"28px 0px 28px 0px","header-style-mixed-logo-padding-bottom":28,"header-style-mixed-logo-padding-left":0,"header-style-mixed-logo-padding-right":0,"header-style-mixed-logo-padding-top":28,"header-style-mixed-logo_hd":["",0],"header-style-mixed-logo_regular":["",0],"header-style-mixed-top_line-floating-logo-padding":"28px 0px 28px 0px","header-style-mobile-logo-padding":"0px 0px 0px 0px","header-style-mobile-logo-padding-bottom":0,"header-style-mobile-logo-padding-left":0,"header-style-mobile-logo-padding-right":0,"header-style-mobile-logo-padding-top":0,"header-style-mobile-logo_hd":["\/wp-content\/uploads\/sites\/41\/2017\/06\/smm.png",1721],"header-style-mobile-logo_regular":["\/wp-content\/uploads\/sites\/41\/2017\/06\/sm.png",1720],"header-style-transparent-choose_logo":"main","header-style-transparent-logo-padding":"0px 0px 0px 0px","header-style-transparent-logo-padding-bottom":0,"header-style-transparent-logo-padding-left":0,"header-style-transparent-logo-padding-right":0,"header-style-transparent-logo-padding-top":0,"header-style-transparent-logo_hd":["",0],"header-style-transparent-logo_regular":["",0],"header-style-transparent-mobile-logo-padding":"0px 0px 0px 0px","header-style-transparent-mobile-logo_regular":["\/wp-content\/uploads\/sites\/41\/2017\/06\/sm.png",1720],"header-top_line-elements":[],"header-top_line-elements-below_menu-padding":"0px 0px 0px 0px","header-top_line-elements-in_top_line-custom-icon-color":"","header-top_line-elements-in_top_line-custom-icon-size":"16","header-top_line-elements-in_top_line-font_color":"#888888","header-top_line-elements-in_top_line-font_family":"Arial","header-top_line-elements-in_top_line-font_size":14,"header-top_line-elements-in_top_line-typography":{"font_family":"Arial","font_size":"14"},"header-top_line-elements-near_menu-custom-icon-color":"","header-top_line-elements-near_menu-custom-icon-size":"16","header-top_line-elements-near_menu-font_color":"#888888","header-top_line-elements-near_menu-typography":{"font_family":"Arial","font_size":"14"},"header-top_line-elements-top_line-padding":"0px 0px 0px 0px","header-top_line-elements-top_line_right-padding":"0px 0px 0px 0px","header-top_line-show_elements":"0","header-top_line-side-padding":"30px 30px","header-top_line-switch_paddings":"0px","header-top_line_mobile_paddings":"0px 0px","header-transparent-mobile-first_switch-logo":"desktop","header-transparent-mobile-second_switch-logo":"mobile","header-transparent_bg_color":"rgba(255,255,255,0.9)","header-transparent_bg_opacity":90,"header_navigation":"slide_out","image_hover-album_miniatures_style":"style_2","image_hover-color":"rgba(31,54,92,0.3)","image_hover-color_gradient":"135deg|rgba(0,0,0,0.3) 30%|rgba(48,48,48,0.3) 100%","image_hover-color_mode":"color","image_hover-default_icon":"none","image_hover-onclick_animation":false,"image_hover-opacity":30,"image_hover-project_icons_style":"accent","image_hover-project_rollover_color":"rgba(31,54,92,0.8)","image_hover-project_rollover_color_gradient":"135deg|rgba(0,0,0,0.8) 30%|rgba(48,48,48,0.8) 100%","image_hover-project_rollover_color_mode":"color","image_hover-project_rollover_opacity":80,"image_hover-style":"none","input_bg_color":"rgba(255,255,255,1)","input_bg_opacity":100,"input_border_color":"rgba(51,51,51,0.12)","input_border_opacity":12,"input_border_radius":"1px","input_color":"#8c95a2","input_height":"38px","layout-menu_icon-position":"menu_icon_right","layout-menu_icon-show_floating_logo":"1","layout-side_line-position":"above","layout-side_line-v_position":"left","layout-top_line-height":"130px","layout-top_line-is_fullwidth":"0","layout-top_line-is_sticky":"0","layout-top_line-logo-position":"left","menu-mobile-microwidgets-custom-icon-color":"","menu-mobile-microwidgets-custom-icon-size":"16","menu-mobile-microwidgets-font-color":"#1f365c","menu-mobile-microwidgets-typography":{"font_family":"Roboto Condensed:700","font_size":"14"},"microwidgets-search-active-width":"200px","microwidgets-search-height":"34px","microwidgets-search-typography":{"font_family":"Roboto","font_size":"14"},"microwidgets-search-width":"200px","microwidgets-search_bg-border-color":"#e2e2e2","microwidgets-search_bg-color":"#f4f4f4","microwidgets-search_bg_border_radius":"0px","microwidgets-search_bg_border_width":"0px","microwidgets-search_custom-icon":"the7-mw-icon-search-bold","microwidgets-search_font-color":"#aaaaaa","microwidgets-search_icon":"custom","microwidgets-search_icon-size":"16","microwidgets-search_input-padding":"12px 12px","microwidgets-search_overlay-bg":"color","microwidgets-search_overlay-bg-color":"rgba(0,0,0,0.9)","microwidgets-search_overlay-bg-gradient":"135deg|#ffffff 30%|#000000 100%","microwidgets-search_style":"popup","modules-albums-status":"enabled","modules-benefits-status":"enabled","modules-logos-status":"enabled","modules-portfolio-status":"enabled","modules-slideshow-status":"enabled","modules-team-status":"enabled","modules-testimonials-status":"enabled","page_title-background-style-transparent-color_scheme":"light","page_title-padding":"30px 30px","page_title-padding-bottom":"30px","page_title-padding-top":"30px","post-show_fancy_categories":"1","post-show_fancy_date":"1","sidebar-bg_color":"rgba(245,245,245,1)","sidebar-bg_image":{"image":"","repeat":"repeat","position_x":"center","position_y":"center"},"sidebar-bg_opacity":100,"sidebar-decoration":"none","sidebar-decoration_outline_color":"rgba(0,0,0,0.06)","sidebar-decoration_outline_opacity":6,"sidebar-distance_to_content":"50px","sidebar-divider-horizontal":"0","sidebar-divider-vertical":"0","sidebar-headers_color":"#1f365c","sidebar-primary_text_color":"#8c95a2","sidebar-responsiveness":"990px","sidebar-vertical_distance":"30px","sidebar-visual_style":"with_widgets_bg","sidebar-width":"360px","social_buttons-page":[],"social_buttons-page-button_title":"Share this page","social_buttons-photo":[],"social_buttons-photo-button_title":"Share this image","social_buttons-portfolio_post":[],"social_buttons-portfolio_post-button_title":"Share this post","social_buttons-post":["facebook","google+","twitter","pinterest","linkedin"],"social_buttons-post-button_title":"Share this post","social_buttons-visibility":"allways","stripes-stripe_1_bg_image":{"image":"","repeat":"repeat","position_x":"center","position_y":"center"},"stripes-stripe_1_color":"#203961","stripes-stripe_1_content_boxes_bg_color":"#888888","stripes-stripe_1_content_boxes_bg_opacity":8,"stripes-stripe_1_content_boxes_decoration":"none","stripes-stripe_1_content_boxes_decoration_outline_color":"#dd3333","stripes-stripe_1_content_boxes_decoration_outline_opacity":100,"stripes-stripe_1_headers_color":"#ff9f1a","stripes-stripe_1_outline":"hide","stripes-stripe_1_outline_color":"#ffffff","stripes-stripe_1_outline_opacity":10,"stripes-stripe_1_text_color":"#dbdbdb","stripes-stripe_2_bg_image":{"image":"","repeat":"repeat","position_x":"center","position_y":"center"},"stripes-stripe_2_color":"#dbdbdb","stripes-stripe_2_content_boxes_bg_color":"#888888","stripes-stripe_2_content_boxes_bg_opacity":8,"stripes-stripe_2_content_boxes_decoration":"none","stripes-stripe_2_content_boxes_decoration_outline_color":"#ffffff","stripes-stripe_2_content_boxes_decoration_outline_opacity":100,"stripes-stripe_2_headers_color":"#203961","stripes-stripe_2_outline":"hide","stripes-stripe_2_outline_color":"#c1edaf","stripes-stripe_2_outline_opacity":100,"stripes-stripe_2_text_color":"#333333","stripes-stripe_3_bg_image":{"image":"","repeat":"repeat","position_x":"center","position_y":"center"},"stripes-stripe_3_color":"#dbdbdb","stripes-stripe_3_content_boxes_bg_color":"#888888","stripes-stripe_3_content_boxes_bg_opacity":8,"stripes-stripe_3_content_boxes_decoration":"none","stripes-stripe_3_content_boxes_decoration_outline_color":"#ffffff","stripes-stripe_3_content_boxes_decoration_outline_opacity":100,"stripes-stripe_3_headers_color":"#203961","stripes-stripe_3_outline":"hide","stripes-stripe_3_outline_color":"#FFFFFF","stripes-stripe_3_outline_opacity":8,"stripes-stripe_3_text_color":"#000000","template_page_id_author":9,"template_page_id_blog_category":9,"template_page_id_blog_tags":9,"template_page_id_date":9,"template_page_id_gallery_category":17,"template_page_id_search":0,"the7_opengraph_tags":"1","top-bar-height":"36px","top_bar-bg-color":"rgba(31,54,92,1)","top_bar-bg-image":{"image":"","repeat":"repeat","position_x":"center","position_y":"center"},"top_bar-bg-opacity":100,"top_bar-bg-style":"disabled","top_bar-custom-icon-color":"","top_bar-custom-icon-size":"16","top_bar-font-color":"#ffffff","top_bar-line-color":"#ffffff","top_bar-line-in-transparent-header":false,"top_bar-line_size":"1px","top_bar-line_style":"solid","top_bar-padding":"5px 50px 5px 50px","top_bar-paddings-bottom":5,"top_bar-paddings-horizontal":0,"top_bar-paddings-top":5,"top_bar-switch_paddings":"992px","top_bar-typography":{"font_family":"Open Sans Condensed:700","text_transform":"none","font_size":"13"},"top_bar_mobile_paddings":"5px 20px 5px 20px","widgetareas":{"3":{"sidebar_name":"Services","sidebar_desc":""},"1":{"sidebar_name":"Default Sidebar","sidebar_desc":"Sidebar primary widget area"},"2":{"sidebar_name":"Default Footer","sidebar_desc":"Footer primary widget area"}},"buttons-s-custom-icon-size":1,"buttons-m-custom-icon-size":1,"buttons-l-custom-icon-size":1,"buttons-lg-custom-icon-size":1,"buttons-xl-custom-icon-size":1,"button-shadow":{"color":"rgba(0, 0, 0, 0)","horizontal":"0","vertical":"0","blur":"10","spread":"0","position":"outline"},"button-shadow-hover":{"color":"rgba(0, 0, 0, 0)","horizontal":"0","vertical":"0","blur":"10","spread":"0","position":"outline"}},"the7_dashboard_settings":{"settings-preset":"custom","mega-menu":true,"elementor-buttons-integration":false,"elementor-theme-style":false,"elementor-zero-paragraph-last-spacing":false,"the7-icons-for-elementor":true,"legacy-elementor-theme-features":true,"deprecated_mega_menu_settings":true,"portfolio":false,"portfolio-breadcrumbs-text":"","testimonials":true,"team":false,"logos":false,"benefits":false,"albums":true,"slideshow":false},"wp_settings":{"show_on_front":"page","page_on_front":"363","page_for_posts":"0"},"widgets_settings":{"widget_archives":{"2":{"title":"","count":0,"dropdown":0},"_multiwidget":1},"widget_meta":{"2":{"title":""},"_multiwidget":1},"widget_search":{"2":{"title":"Search"},"_multiwidget":1},"widget_text":{"2":{"title":"","text":"<a href=\"https:\/\/the7.io\/corporate\/wp-content\/uploads\/sites\/41\/2017\/05\/corp-footer-img.gif\"><img style=\"margin: 5px 0px 5px 0px; max-width: 100%;\" src=\"https:\/\/the7.io\/corporate\/wp-content\/uploads\/sites\/41\/2017\/05\/corp-footer-img.gif\" width=\"500\" \/><\/a>\r\n<p style=\"color: #ffffff; padding-bottom: 10px;\">Nam id sem quis mauris porttitor conse quat id vitae dolor - mauris ultricies mi dolor at pharetra.<\/p>\r\n[dt_default_button link=\"https:\/\/the7.io\/corporate\/contact\/\"]Get free consultation![\/dt_default_button]","filter":"content"},"_multiwidget":1},"widget_categories":{"2":{"title":"","count":0,"hierarchical":0,"dropdown":0},"_multiwidget":1},"widget_recent-posts":{"2":{"title":"","number":5},"_multiwidget":1},"widget_recent-comments":{"2":{"title":"Recent Comments","number":5},"_multiwidget":1},"widget_rss":{"1":[],"_multiwidget":1},"widget_presscore-contact-info-widget":{"3":{"title":"Contact Info","text":"","links":{"facebook":"#","twitter":"#","google":"#","dribbble":"","you-tube":"","rss":"","delicious":"","flickr":"","lastfm":"","linkedin":"#","vimeo":"","tumbler":"","pinterest":"","devian":"","skype":"","github":"","instagram":"#","stumbleupon":"","behance":"","mail":"","website":"","px-500":"","tripedvisor":"","vk":"","foursquare":"","xing":"","weibo":"","odnoklassniki":"","research-gate":"","yelp":"","blogger":"","soundcloud":""},"fields":[{"title":"Address:","content":"SoHo 94 Broadway St New York, NY 10012"},{"title":"Business hours:","content":"Mon - Fri: 9AM - 7PM"},{"title":"Phone number:","content":"001-234-5678"}]},"_multiwidget":1},"widget_presscore-custom-menu-one":{"2":{"title":"Our Services","menu":"15","divider":false,"bold_text":true,"show_arrow":true},"3":{"title":"Services","menu":"15","divider":false,"bold_text":false,"show_arrow":true},"_multiwidget":1},"widget_presscore-blog-posts":{"2":{"title":"Recent News","order":"DESC","orderby":"date","show":3,"select":"all","cats":[],"thumbnails":0,"round_images":0,"images_dimensions":{"w":40,"h":40},"show_excerpts":0},"3":{"title":"Recent Articles","order":"DESC","orderby":"date","show":6,"select":"all","cats":[],"thumbnails":1,"round_images":1,"images_dimensions":{"w":60,"h":60},"show_excerpts":0},"_multiwidget":1},"widget_presscore-contact-form-widget":{"2":{"title":"Any Questions?","text":"Maecenas feugiat, nulla eget maximus elementum, odio augue placerat est, nec semper nisl erat ac ex el convallis ligula commodo.","fields":{"name":{"on":true,"required":false},"email":{"on":true,"required":true},"telephone":{"on":true,"required":false},"country":{"on":false,"required":false},"city":{"on":false,"required":false},"company":{"on":false,"required":false},"website":{"on":false,"required":false},"message":{"on":true,"required":true}},"send_to":"","msg_height":4,"button_size":"m","button_title":"","terms":true,"terms_msg":"By using this form you agree with the storage and handling of your data by this website."},"_multiwidget":1},"widget_presscore-photos":{"2":{"title":"FROM OUR GALLERY","order":"DESC","orderby":"rand","select":"all","show":12,"cats":[],"max_width":100},"_multiwidget":1},"sidebars_widgets":{"wp_inactive_widgets":["archives-2","meta-2","categories-2","recent-posts-2","9022","9022"],"sidebar_3":["presscore-custom-menu-one-2","presscore-contact-form-widget-2"],"sidebar_1":["presscore-blog-posts-3","presscore-photos-2","recent-comments-2","search-2"],"sidebar_2":["text-2","presscore-contact-info-widget-3","presscore-custom-menu-one-3","presscore-blog-posts-2"],"array_version":3}},"nav_menu_locations":{"bottom":14,"primary":14,"mobile":14,"top":15},"ultimate_selected_google_fonts":[{"font_family":"Open+Sans+Condensed","font_name":"Open Sans Condensed","variants":[{"variant_value":"300","variant_selected":"false"},{"variant_value":"300italic","variant_selected":"false"},{"variant_value":"700","variant_selected":"true"}],"subsets":[{"subset_value":"latin-ext","subset_selected":"false"},{"subset_value":"vietnamese","subset_selected":"false"},{"subset_value":"greek-ext","subset_selected":"false"},{"subset_value":"latin","subset_selected":"false"},{"subset_value":"cyrillic-ext","subset_selected":"false"},{"subset_value":"cyrillic","subset_selected":"false"},{"subset_value":"greek","subset_selected":"false"}]}],"ultimate_icon_fonts":{"icomoon-icomoonfree-16x16":{"include":"smile_fonts\/icomoon-icomoonfree-16x16","folder":"smile_fonts\/icomoon-icomoonfree-16x16","style":"icomoon-icomoonfree-16x16\/icomoon-icomoonfree-16x16.css","config":"charmap.php"},"icomoon-numbers-32x32":{"include":"smile_fonts\/icomoon-numbers-32x32","folder":"smile_fonts\/icomoon-numbers-32x32","style":"icomoon-numbers-32x32\/icomoon-numbers-32x32.css","config":"charmap.php"}},"the7_fontawesome_version":"fa5","the7_core_post_types_builder":{"post_types":[],"taxonomies":[]},"revolution_sliders":["the7-corporate-slider"],"vc_settings":{"use_custom":"1","vc_color":"#f7f7f7","vc_color_hover":"#F0F0F0","vc_color_call_to_action_bg":"","vc_color_google_maps_bg":"","vc_color_post_slider_caption_bg":"","vc_color_progress_bar_bg":"","vc_color_separator_border":"","vc_color_tab_bg":"","vc_color_tab_bg_active":"","margin":"0px","gutter":"50","responsive_max":"778"}}