{"schema":{"folders":{"ultimate_icon_fonts":"Ultimate_VC_Addons\/icon-fonts"}},"theme_options":{"advanced-fvm_enable_integration":"1","advanced-fvm_script_timeout":"50ms","advanced-normalize_resize_on_mobile":"1","advanced-speed_img_resize":"1","blog-fancy_date-style":"vertical","blog-thumbnail_proportions":{"width":2,"height":1},"blog-thumbnail_size":"resize","bottom_bar-bg_color":"rgba(255,255,255,0.12)","bottom_bar-bg_image":{"image":"","repeat":"repeat","position_x":"center","position_y":"top"},"bottom_bar-collapse_after":"990px","bottom_bar-color":"#eeeeee","bottom_bar-copyrights":"","bottom_bar-credits":false,"bottom_bar-enabled":"0","bottom_bar-height":"60px","bottom_bar-layout":"logo_left","bottom_bar-line_size":"1px","bottom_bar-logo-padding":"0px 0px 0px 0px","bottom_bar-logo_hd":["",0],"bottom_bar-logo_regular":["",0],"bottom_bar-menu-collapse_after":"778px","bottom_bar-padding":"10px 10px","bottom_bar-style":"content_width_line","bottom_bar-text":"","breadcrumbs-typography":{"font_family":"Merriweather","text_transform":"none","font_size":"14","line_height":"16"},"breadcrumbs_bg_color":"rgba(89,68,146,1)","breadcrumbs_border_color":"rgba(255,255,255,0)","breadcrumbs_border_radius":"2px","breadcrumbs_border_width":"0px","breadcrumbs_margin":"10px 0px 0px 0px","breadcrumbs_padding":"0px 0px 0px 0px","button-shadow":{"color":"rgba(0,0,0,0)","horizontal":"0","vertical":"0","blur":"10","spread":"0","position":"outline"},"button-shadow-hover":{"color":"rgba(0,0,0,0)","horizontal":"0","vertical":"0","blur":"10","spread":"0","position":"outline"},"buttons-border-color":"#ffffff","buttons-border-color_mode":"accent","buttons-color":"#999999","buttons-color_gradient":"135deg|#006adc 0%|#5fd4f4 100%","buttons-color_mode":"color","buttons-hover-border-color":"#ffffff","buttons-hover-border-color_mode":"accent","buttons-hover_color":"#666666","buttons-hover_color_gradient":"135deg|#5fd4f4 0%|#30cb8f 100%","buttons-hover_color_mode":"color","buttons-l-custom-icon-size":false,"buttons-l-icon-size":"18","buttons-l-min-height":"1px","buttons-l-min-width":"1px","buttons-l-typography":{"font_family":"Merriweather","text_transform":"none","font_size":"16","letter_spacing":"0"},"buttons-l_border_radius":"3px","buttons-l_border_width":"0px","buttons-l_padding":"12px 18px 12px 18px","buttons-lg-custom-icon-size":false,"buttons-lg-icon-size":"18","buttons-lg-min-height":"1px","buttons-lg-min-width":"1px","buttons-lg-typography":{"font_family":"Merriweather","text_transform":"none","font_size":"18","letter_spacing":"0"},"buttons-lg_border_radius":"3px","buttons-lg_border_width":"0px","buttons-lg_padding":"14px 24px 14px 24px","buttons-m-custom-icon-size":false,"buttons-m-icon-size":"14","buttons-m-min-height":"1px","buttons-m-min-width":"1px","buttons-m-typography":{"font_family":"Merriweather","text_transform":"none","font_size":"14","letter_spacing":"0"},"buttons-m_border_radius":"3px","buttons-m_border_width":"0px","buttons-m_padding":"10px 14px 10px 14px","buttons-s-custom-icon-size":false,"buttons-s-icon-size":"12","buttons-s-min-height":"1px","buttons-s-min-width":"1px","buttons-s-typography":{"font_family":"Merriweather","text_transform":"none","font_size":"12","letter_spacing":"0"},"buttons-s_border_radius":"3px","buttons-s_border_width":"0px","buttons-s_padding":"8px 10px 8px 10px","buttons-text_color":"#ffffff","buttons-text_color_mode":"color","buttons-text_hover_color":"#ffffff","buttons-text_hover_color_mode":"color","buttons-xl-custom-icon-size":false,"buttons-xl-icon-size":"20","buttons-xl-min-height":"1px","buttons-xl-min-width":"1px","buttons-xl-typography":{"font_family":"Merriweather","text_transform":"none","font_size":"20","letter_spacing":"0"},"buttons-xl_border_radius":"3px","buttons-xl_border_width":"0px","buttons-xl_padding":"20px 30px 20px 30px","contact_form_message":"1","content-headers_color":"#000000","content-links_color":"#999999","content-primary_text_color":"#666666","content-secondary_text_color":"#999999","custom_error_messages":"The message has not been sent. Plaese try again.","custom_error_messages_validation":"One or more fields have an error. Please check and try again.","custom_success_messages":"Your message has been sent.","dividers-color":"rgba(0,0,0,0.12)","filter-typography":{"font_family":"Merriweather","text_transform":"none","font_size":"15"},"fonts-big_size":{"font_size":"16px","line_height":"1.5em"},"fonts-font_family":"Merriweather","fonts-h1-typography":{"font_family":"Merriweather","responsive_font_size":{"desktop":"50px","tablet":"42px","mobile":"36px"},"responsive_line_height":{"desktop":"1.1em"},"text_transform":"none"},"fonts-h2-typography":{"font_family":"Merriweather","responsive_font_size":{"desktop":"40px","mobile":"32px"},"responsive_line_height":{"desktop":"1.2em"},"text_transform":"none"},"fonts-h3-typography":{"font_family":"Merriweather","responsive_font_size":{"desktop":"26px","mobile":"26px"},"responsive_line_height":{"desktop":"1.2em"},"text_transform":"none"},"fonts-h4-typography":{"font_family":"Merriweather","responsive_font_size":{"desktop":"22px"},"responsive_line_height":{"desktop":"1.2em"},"text_transform":"none"},"fonts-h5-typography":{"font_family":"Merriweather","responsive_font_size":{"desktop":"18px"},"responsive_line_height":{"desktop":"1.3em"},"text_transform":"none"},"fonts-h6-typography":{"font_family":"Merriweather","responsive_font_size":{"desktop":"16px"},"responsive_line_height":{"desktop":"1.3em"},"text_transform":"none"},"fonts-headers-font-family":"","fonts-headers-text-transform":"","fonts-normal_size":{"font_size":"15px","line_height":"1.4em"},"fonts-small_size":{"font_size":"13px","line_height":"1.3em"},"fonts-widget-content":{"font_family":"Merriweather","responsive_font_size":{"desktop":"15px"},"responsive_line_height":{"desktop":"1.4em"},"text_transform":"none"},"fonts-widget-title":{"font_family":"Merriweather","responsive_font_size":{"desktop":"16px"},"responsive_line_height":{"desktop":"1.3em"},"text_transform":"none"},"fonts-woo-content":{"font_family":"Libre Franklin","responsive_font_size":{"desktop":"16px"},"responsive_line_height":{"desktop":"30px"}},"fonts-woo-title":{"font_family":"Libre Franklin:600","text_transform":"none","responsive_font_size":{"desktop":"16px"},"responsive_line_height":{"desktop":"26px"}},"footer-accent_text_color":"","footer-bg_color":"#ffffff","footer-bg_image":{"image":"","repeat":"repeat","position_x":"center","position_y":"top"},"footer-collapse_after":"0px","footer-collapse_columns_after":"992px","footer-decoration":"none","footer-decoration-line_size":"1px","footer-decoration_outline_color":"rgba(129,215,66,0.96)","footer-headers_color":"#000000","footer-is_fullwidth":"0","footer-layout":"1\/3+1\/3+1\/3","footer-mobile_padding":"0px 0px 0px 0px","footer-padding":"0px 0px 0px 0px","footer-paddings-columns":"30px","footer-primary_text_color":"#666666","footer-slide-out-mode":"0","footer-style":"solid_background","general-accent_bg_color":"#999999","general-accent_bg_color_gradient":"135deg|#1ebbf0 30%|#39dfaa 100%","general-accent_color_mode":"color","general-album_back_button_url":"","general-album_meta_author":false,"general-album_meta_categories":false,"general-album_meta_comments":false,"general-album_meta_date":false,"general-beautiful_loading":"enabled","general-bg_color":"rgba(255,255,255,0)","general-bg_fixed":false,"general-bg_fullscreen":false,"general-bg_image":{"image":"","repeat":"repeat","position_x":"center","position_y":"top"},"general-blog_meta_author":false,"general-blog_meta_categories":false,"general-blog_meta_comments":false,"general-blog_meta_date":false,"general-blog_meta_on":"1","general-blog_meta_tags":false,"general-border_radius":"0px","general-box_width":"1280px","general-boxed_bg_color":"#ffffff","general-boxed_bg_fixed":false,"general-boxed_bg_fullscreen":false,"general-boxed_bg_image":{"image":"","repeat":"no-repeat","position_x":"center","position_y":"center"},"general-breadcrumbs_bg_color":"disabled","general-breadcrumbs_color":"#999999","general-content_boxes_bg_color":"#f7f7f7","general-content_boxes_decoration":"none","general-content_boxes_decoration_outline_color":"rgba(0,0,0,0)","general-content_width":"1200px","general-custom_css":".sub-nav .menu-item i.fa,\n.sub-nav .menu-item i.fas,\n.sub-nav .menu-item i.far,\n.sub-nav .menu-item i.fab {\n\ttext-align: center;\n\twidth: 1.25em;\n}","general-custom_loader":"","general-favicon":"","general-favicon_hd":"","general-filter-margin":"0px 15px 0px 15px","general-filter-padding":"5px 0px 5px 0px","general-filter_style":"material","general-filter_style-material-line_size":"1px","general-filter_style-minimal-border_radius":"100px","general-fullscreen_overlay_color":"rgba(255,255,255,1)","general-fullscreen_overlay_color_mode":"color","general-fullscreen_overlay_gradient":"135deg|#2edded 30%|#0084bb 100%","general-fullscreen_overlay_opacity":"100","general-handheld_icon-old_ipad":"","general-handheld_icon-old_iphone":"","general-handheld_icon-retina_ipad":"","general-handheld_icon-retina_iphone":"","general-images_lazy_loading":"1","general-layout":"wide","general-lightbox_arrow_size":"48px","general-lightbox_overlay_opacity":"90","general-loader_style":"square_jelly_box","general-navigation_margin":"40px","general-next_prev_in_blog":"1","general-next_prev_in_portfolio":"1","general-page-title-typography":{"font_family":"Merriweather","text_transform":"none","font_size":"24","line_height":"28"},"general-page_content_margin":"0px 0px 0px 0px","general-page_content_mobile_margin":"0px 0px 0px 0px","general-portfolio_meta_author":false,"general-portfolio_meta_categories":false,"general-portfolio_meta_comments":false,"general-portfolio_meta_date":false,"general-portfolio_meta_on":"1","general-portfolio_thumbnail_proportions":{"width":2,"height":1},"general-portfolio_thumbnail_size":"resize","general-post_back_button_url":"","general-project_back_button_url":"","general-rel_posts_head_title":"Related Posts","general-rel_posts_max":"6","general-rel_projects_details":false,"general-rel_projects_excerpt":false,"general-rel_projects_head_title":"Related Projects","general-rel_projects_info_author":false,"general-rel_projects_info_categories":false,"general-rel_projects_info_comments":false,"general-rel_projects_info_date":false,"general-rel_projects_link":false,"general-rel_projects_max":"12","general-rel_projects_title":false,"general-rel_projects_zoom":false,"general-responsive":"1","general-responsive_title_height":"0px","general-responsive_title_line_height":"26","general-responsive_title_size":"24","general-show_author_in_blog":"1","general-show_back_button_in_post":"0","general-show_back_button_in_project":"0","general-show_breadcrumbs":"0","general-show_rel_posts":"1","general-show_rel_projects":"0","general-show_titles":"1","general-smooth_scroll":"off","general-spinner_color":"rgba(0,0,0,0.12)","general-switch_content_paddings":"778px","general-title_align":"left","general-title_bg_color":"#ffffff","general-title_bg_fullscreen":false,"general-title_bg_gradient":"135deg|#4a66d6 30%|#12b4ea 100%","general-title_bg_image":{"image":"","repeat":"repeat","position_x":"center","position_y":"center"},"general-title_bg_mode":"disabled","general-title_bg_overlay":false,"general-title_bg_parallax":"0","general-title_color":"#000000","general-title_decoration":"none","general-title_decoration_line_color":"rgba(51,51,51,0.11)","general-title_decoration_line_height":"6px","general-title_decoration_line_style":"double","general-title_decoration_outline_color":"rgba(30,115,190,0)","general-title_decoration_outline_height":"10px","general-title_decoration_outline_style":"solid","general-title_enable_bg_img":"disabled","general-title_height":"60px","general-title_overlay_color":"rgba(0,0,0,0.5)","general-title_responsive_breadcrumbs":false,"general-title_scroll_effect":"default","general-titles-responsiveness-switch":"778px","general-titles_responsiveness":"0","header-background":"normal","header-bg-color":"rgba(255,255,255,1)","header-bg-image":{"image":"","repeat":"repeat","position_x":"center","position_y":"center"},"header-bg-is_fixed":false,"header-bg-is_fullscreen":false,"header-classic-elements":{"top_bar_left":["working_hours"],"top_bar_right":["search"],"near_menu_right":["social_icons"],"near_logo_right":["phone","email"]},"header-classic-elements-near_logo-custom-icon-color":"","header-classic-elements-near_logo-custom-icon-size":"16","header-classic-elements-near_logo-font_color":"#888888","header-classic-elements-near_logo-typography":{"font_family":"Arial","font_size":"14"},"header-classic-elements-near_logo_left-padding":"0px 0px 0px 0px","header-classic-elements-near_logo_right-padding":"0px 0px 0px 0px","header-classic-elements-near_menu-custom-icon-color":"","header-classic-elements-near_menu-custom-icon-size":"16","header-classic-elements-near_menu-font_color":"#888888","header-classic-elements-near_menu-typography":{"font_family":"Arial","font_size":"14"},"header-classic-elements-near_menu_right-padding":"0px 0px 0px 40px","header-classic-height":"180px","header-classic-is_fullwidth":"0","header-classic-logo-position":"left","header-classic-menu-bg-color":"rgba(0,0,0,1)","header-classic-menu-bg-style":"solid","header-classic-menu-line_size":"1px","header-classic-menu-margin":"0px 0px","header-classic-menu-position":"left","header-classic-show_elements":"1","header-classic-side-padding":"30px 30px","header-classic-switch_paddings":"0px","header-classic_mobile_paddings":"0px 0px","header-decoration":"disabled","header-decoration-color":"rgba(51,51,51,0.11)","header-decoration-line_size":"1px","header-elements-button-1-bg":"accent","header-elements-button-1-bg-color":"#ffffff","header-elements-button-1-bg-gradient":"135deg|#ffffff 30%|#000000 100%","header-elements-button-1-border-color":"accent","header-elements-button-1-border-color-mono":"#ffffff","header-elements-button-1-border_radius":"0px","header-elements-button-1-border_width":"1px","header-elements-button-1-choose-icon":"","header-elements-button-1-first-header-switch":"near_logo","header-elements-button-1-hover-bg":"accent","header-elements-button-1-hover-bg-color":"#ffffff","header-elements-button-1-hover-bg-gradient":"135deg|#ffffff 30%|#000000 100%","header-elements-button-1-hover-border-color":"accent","header-elements-button-1-hover-border-color-mono":"#ffffff","header-elements-button-1-hover-icon-color":"color","header-elements-button-1-hover-icon-color-gradient":"90deg|#ffffff 30%|#000000 100%","header-elements-button-1-hover-icon-color-mono":"#ffffff","header-elements-button-1-icon":false,"header-elements-button-1-icon-color":"color","header-elements-button-1-icon-color-gradient":"90deg|#ffffff 30%|#000000 100%","header-elements-button-1-icon-color-mono":"#ffffff","header-elements-button-1-icon-position":"right","header-elements-button-1-icon-size":"14","header-elements-button-1-icon_gap":"5px","header-elements-button-1-name":"Button","header-elements-button-1-on-desktops":"show","header-elements-button-1-padding":"10px 20px 10px 20px","header-elements-button-1-second-header-switch":"in_menu","header-elements-button-1-smooth-scroll":false,"header-elements-button-1-target":false,"header-elements-button-1-typography":{"font_family":"Roboto:700","font_size":"14"},"header-elements-button-1-url":"","header-elements-button-2-bg":"accent","header-elements-button-2-bg-color":"#ffffff","header-elements-button-2-bg-gradient":"135deg|#ffffff 30%|#000000 100%","header-elements-button-2-border-color":"accent","header-elements-button-2-border-color-mono":"#ffffff","header-elements-button-2-border_radius":"0px","header-elements-button-2-border_width":"1px","header-elements-button-2-choose-icon":"","header-elements-button-2-first-header-switch":"near_logo","header-elements-button-2-hover-bg":"accent","header-elements-button-2-hover-bg-color":"#ffffff","header-elements-button-2-hover-bg-gradient":"135deg|#ffffff 30%|#000000 100%","header-elements-button-2-hover-border-color":"accent","header-elements-button-2-hover-border-color-mono":"#ffffff","header-elements-button-2-hover-icon-color":"color","header-elements-button-2-hover-icon-color-gradient":"90deg|#ffffff 30%|#000000 100%","header-elements-button-2-hover-icon-color-mono":"#ffffff","header-elements-button-2-icon":false,"header-elements-button-2-icon-color":"color","header-elements-button-2-icon-color-gradient":"90deg|#ffffff 30%|#000000 100%","header-elements-button-2-icon-color-mono":"#ffffff","header-elements-button-2-icon-position":"right","header-elements-button-2-icon-size":"14","header-elements-button-2-icon_gap":"5px","header-elements-button-2-name":"Button","header-elements-button-2-on-desktops":"show","header-elements-button-2-padding":"10px 20px 10px 20px","header-elements-button-2-second-header-switch":"in_menu","header-elements-button-2-smooth-scroll":false,"header-elements-button-2-target":false,"header-elements-button-2-typography":{"font_family":"Roboto:700","font_size":"14"},"header-elements-button-2-url":"","header-elements-contact-address-caption":"8500 Beverly Boulevard Los Angeles, CA 90048","header-elements-contact-address-custom-icon":"the7-mw-icon-address-bold","header-elements-contact-address-first-header-switch":"near_logo","header-elements-contact-address-icon":"custom","header-elements-contact-address-on-desktops":"show","header-elements-contact-address-second-header-switch":"in_menu","header-elements-contact-address-url":"","header-elements-contact-clock-caption":"Monday \u2013 Friday 10 AM \u2013 8 PM","header-elements-contact-clock-custom-icon":"icomoon-the7-font-the7-clock-01","header-elements-contact-clock-first-header-switch":"top_bar_left","header-elements-contact-clock-icon":"custom","header-elements-contact-clock-on-desktops":"show","header-elements-contact-clock-second-header-switch":"in_menu","header-elements-contact-clock-url":"","header-elements-contact-email-caption":"Mon - Fri: 9am to 7pm","header-elements-contact-email-custom-icon":"icomoon-the7-font-the7-clock-03","header-elements-contact-email-first-header-switch":"top_bar_left","header-elements-contact-email-icon":"custom","header-elements-contact-email-on-desktops":"show","header-elements-contact-email-second-header-switch":"in_menu","header-elements-contact-email-url":"","header-elements-contact-multipurpose_1-caption":"","header-elements-contact-multipurpose_1-custom-icon":"","header-elements-contact-multipurpose_1-first-header-switch":"near_logo","header-elements-contact-multipurpose_1-icon":"custom","header-elements-contact-multipurpose_1-on-desktops":"show","header-elements-contact-multipurpose_1-second-header-switch":"in_menu","header-elements-contact-multipurpose_1-url":"","header-elements-contact-multipurpose_2-caption":"(099) 876 54 32","header-elements-contact-multipurpose_2-custom-icon":"icomoon-the7-font-the7-phone-03","header-elements-contact-multipurpose_2-first-header-switch":"top_bar_right","header-elements-contact-multipurpose_2-icon":"custom","header-elements-contact-multipurpose_2-on-desktops":"show","header-elements-contact-multipurpose_2-second-header-switch":"in_menu","header-elements-contact-multipurpose_2-url":"","header-elements-contact-multipurpose_3-caption":"","header-elements-contact-multipurpose_3-custom-icon":"","header-elements-contact-multipurpose_3-first-header-switch":"near_logo","header-elements-contact-multipurpose_3-icon":"custom","header-elements-contact-multipurpose_3-on-desktops":"show","header-elements-contact-multipurpose_3-second-header-switch":"in_menu","header-elements-contact-multipurpose_3-url":"","header-elements-contact-multipurpose_4-caption":"","header-elements-contact-multipurpose_4-custom-icon":"","header-elements-contact-multipurpose_4-first-header-switch":"near_logo","header-elements-contact-multipurpose_4-icon":"custom","header-elements-contact-multipurpose_4-on-desktops":"show","header-elements-contact-multipurpose_4-second-header-switch":"in_menu","header-elements-contact-multipurpose_4-url":"","header-elements-contact-phone-caption":"(011) 322 44 56","header-elements-contact-phone-custom-icon":"icomoon-the7-font-the7-phone-03","header-elements-contact-phone-first-header-switch":"top_bar_right","header-elements-contact-phone-icon":"custom","header-elements-contact-phone-on-desktops":"show","header-elements-contact-phone-second-header-switch":"in_menu","header-elements-contact-phone-url":"","header-elements-contact-skype-caption":"Your_Skype","header-elements-contact-skype-custom-icon":"the7-mw-icon-skype-bold","header-elements-contact-skype-first-header-switch":"near_logo","header-elements-contact-skype-icon":"custom","header-elements-contact-skype-on-desktops":"show","header-elements-contact-skype-second-header-switch":"in_menu","header-elements-contact-skype-url":"","header-elements-login-caption":"Login","header-elements-login-custom-icon":"the7-mw-icon-login-bold","header-elements-login-first-header-switch":"near_logo","header-elements-login-icon":"custom","header-elements-login-logout_url":"","header-elements-login-on-desktops":"show","header-elements-login-second-header-switch":"in_menu","header-elements-login-url":"http:\/\/themeforest.net","header-elements-login-use_logout_url":false,"header-elements-logout-caption":"Logout","header-elements-menu-first-header-switch":"near_logo","header-elements-menu-icon":"custom","header-elements-menu-on-desktops":"show","header-elements-menu-second-header-switch":"hidden","header-elements-menu-style":"dropdown","header-elements-menu-style-first-switch":"dropdown","header-elements-menu-style-second-switch":"dropdown","header-elements-menu2-first-header-switch":"near_logo","header-elements-menu2-icon":"custom","header-elements-menu2-on-desktops":"show","header-elements-menu2-second-header-switch":"in_menu","header-elements-menu2-style":"dropdown","header-elements-menu2-style-first-switch":"dropdown","header-elements-menu2-style-second-switch":"dropdown","header-elements-menu2_custom-icon":"the7-mw-icon-dropdown-menu-bold","header-elements-menu_custom-icon":"the7-mw-icon-dropdown-menu-bold","header-elements-search-by":"general","header-elements-search-caption":"","header-elements-search-first-header-switch":"near_logo","header-elements-search-icon":"custom","header-elements-search-input-caption":"Search\u2026","header-elements-search-on-desktops":"show","header-elements-search-second-header-switch":"near_logo","header-elements-search_custom-icon":"icomoon-the7-font-icon-gallery-011-2","header-elements-soc_icons":{"1":{"icon":"facebook","url":"\/"},"2":{"icon":"twitter","url":"\/"},"3":{"icon":"instagram","url":"\/"},"4":{"icon":"you-tube","url":"\/"}},"header-elements-soc_icons-bg":"color","header-elements-soc_icons-bg-color":"#ffffff","header-elements-soc_icons-bg-gradient":"135deg|#ffffff 30%|#000000 100%","header-elements-soc_icons-bg-size":"37px","header-elements-soc_icons-border":"disabled","header-elements-soc_icons-border-color":"#ffffff","header-elements-soc_icons-color":"#aaaaaa","header-elements-soc_icons-first-header-switch":"top_bar_right","header-elements-soc_icons-hover-bg":"accent","header-elements-soc_icons-hover-bg-color":"rgba(21,191,230,1)","header-elements-soc_icons-hover-bg-gradient":"135deg|#ffffff 30%|#000000 100%","header-elements-soc_icons-hover-border":"disabled","header-elements-soc_icons-hover-border-color":"#ffffff","header-elements-soc_icons-hover-color":"#ffffff","header-elements-soc_icons-on-desktops":"show","header-elements-soc_icons-second-header-switch":"in_menu","header-elements-soc_icons-size":"16px","header-elements-soc_icons_border_radius":"0px","header-elements-soc_icons_border_width":"0px","header-elements-soc_icons_gap":0,"header-elements-text":"Some call to action text goes here!","header-elements-text-2":"Some call to action text goes here!","header-elements-text-2-first-header-switch":"near_logo","header-elements-text-2-on-desktops":"show","header-elements-text-2-second-header-switch":"in_menu","header-elements-text-3":"Some call to action text goes here!","header-elements-text-3-first-header-switch":"near_logo","header-elements-text-3-on-desktops":"show","header-elements-text-3-second-header-switch":"in_menu","header-elements-text-4":"","header-elements-text-4-first-header-switch":"near_logo","header-elements-text-4-on-desktops":"show","header-elements-text-4-second-header-switch":"in_menu","header-elements-text-5":"","header-elements-text-5-first-header-switch":"near_logo","header-elements-text-5-on-desktops":"show","header-elements-text-5-second-header-switch":"in_menu","header-elements-text-first-header-switch":"near_logo","header-elements-text-on-desktops":"show","header-elements-text-second-header-switch":"in_menu","header-elements-woocommerce_cart-font-content":{"font_family":"Libre Franklin","responsive_font_size":{"desktop":"16px"},"responsive_line_height":{"desktop":"28px"}},"header-floating-mobile-first_switch-logo":"desktop","header-floating-mobile-second_switch-logo":"desktop","header-floating_microwidgets-font":"default","header-floating_microwidgets-font-color":"#ffffff","header-floating_microwidgets-icon":"default","header-floating_microwidgets-icon-color":"#ffffff","header-floating_navigation-active_item-font-color":"#ffffff","header-floating_navigation-active_item-font-gradient":"90deg|#ffffff 30%|#000000 100%","header-floating_navigation-bg-color":"rgba(255,255,255,1)","header-floating_navigation-bg-image":{"image":"","repeat":"repeat","position_x":"center","position_y":"center"},"header-floating_navigation-bg-is_fullscreen":false,"header-floating_navigation-decoration":"shadow","header-floating_navigation-decoration-color":"rgba(51,51,51,0.11)","header-floating_navigation-decoration-line_size":"1px","header-floating_navigation-font-active":"default","header-floating_navigation-font-color":"#ffffff","header-floating_navigation-font-hover":"default","header-floating_navigation-font-normal":"default","header-floating_navigation-height":"64px","header-floating_navigation-hover-font-color":"#ffffff","header-floating_navigation-hover-font-gradient":"90deg|#ffffff 30%|#000000 100%","header-floating_navigation-show_after":"94px","header-floating_navigation-style":"sticky","header-floating_navigation-top-bar":false,"header-inline-elements":{"top_bar_left":["phone"],"top_bar_right":["social_icons"],"near_menu_right":["search"]},"header-inline-elements-near_menu-custom-icon-color":"#21bda1","header-inline-elements-near_menu-custom-icon-size":"16","header-inline-elements-near_menu-font_color":"#aaaaaa","header-inline-elements-near_menu-typography":{"font_family":"Nunito Sans","font_size":"14"},"header-inline-elements-near_menu_right-padding":"0px 6px 0px 30px","header-inline-height":"90px","header-inline-is_fullwidth":"0","header-inline-menu-position":"right","header-inline-show_elements":"1","header-inline-side-padding":"30px 30px","header-inline-switch_paddings":"778px","header-inline_mobile_paddings":"30px 30px","header-layout":"disabled","header-logo-padding":"0px 0px 0px 0px","header-logo_hd":["",0],"header-logo_regular":["",0],"header-mega-menu-desc-font-color":"#333333","header-mega-menu-desc-typography":{"font_family":"Roboto","font_size":"10"},"header-mega-menu-items-padding":"9px 10px 9px 10px","header-mega-menu-submenu-bg-padding":"20px 10px 20px 10px","header-mega-menu-submenu-column-padding":"0px 10px 0px 10px","header-mega-menu-submenu-column-width":"260px","header-mega-menu-title-active_item-font-color":"#ffffff","header-mega-menu-title-active_item-font-color-style":"gradient","header-mega-menu-title-active_item-font-gradient":"90deg|#8224e3 30%|#eeee22 100%","header-mega-menu-title-font-color":"#333333","header-mega-menu-title-hover-font-color":"#ffffff","header-mega-menu-title-hover-font-color-style":"gradient","header-mega-menu-title-hover-font-gradient":"90deg|#1e73be 30%|#eeee22 99%","header-mega-menu-title-icon-size":16,"header-mega-menu-title-typography":{"font_family":"Roboto:700","font_size":"16","text_transform":"uppercase"},"header-mega-menu-widget-accent-color":"","header-mega-menu-widget-font-color":"#333333","header-mega-menu-widget-title-color":"#333333","header-menu-active_item-font-color":"#aaaaaa","header-menu-active_item-font-color-style":"accent","header-menu-active_item-font-gradient":"90deg|#ffffff 30%|#000000 100%","header-menu-close_icon-caption":"disabled","header-menu-close_icon-caption-text":"Navigation","header-menu-close_icon-caption-typography":{"font_family":"Roboto","text_transform":"uppercase","font_size":"16"},"header-menu-close_icon-caption_gap":"20px","header-menu-close_icon-position":"outside","header-menu-close_icon-size":"fade_medium","header-menu-decoration-other-active-color":"rgba(255,255,255,0.15)","header-menu-decoration-other-active-color-style":"accent","header-menu-decoration-other-active-gradient":"135deg|rgba(255,255,255,0.15) 30%|rgba(0,0,0,0.15) 100%","header-menu-decoration-other-active-line":"0","header-menu-decoration-other-active-line-color":"rgba(130,36,227,0.3)","header-menu-decoration-other-active-line-color-style":"color","header-menu-decoration-other-active-line-gradient":"135deg|rgba(221,51,51,0.3) 30%|rgba(129,215,66,0.3) 100%","header-menu-decoration-other-active-line-opacity":"30","header-menu-decoration-other-active-opacity":"15","header-menu-decoration-other-active-style":"background","header-menu-decoration-other-border-radius":"3","header-menu-decoration-other-hover-color":"rgba(255,255,255,0.15)","header-menu-decoration-other-hover-color-style":"accent","header-menu-decoration-other-hover-gradient":"135deg|rgba(255,255,255,0.15) 30%|rgba(0,0,0,0.15) 100%","header-menu-decoration-other-hover-line":"0","header-menu-decoration-other-hover-line-color":"rgba(221,51,51,0.23)","header-menu-decoration-other-hover-line-color-style":"gradient","header-menu-decoration-other-hover-line-gradient":"135deg|rgba(255,255,255,0.23) 30%|rgba(0,0,0,0.23) 100%","header-menu-decoration-other-hover-line-opacity":"23","header-menu-decoration-other-hover-style":"background","header-menu-decoration-other-line_size":"2px","header-menu-decoration-other-links-is_justified":"1","header-menu-decoration-other-opacity":"15","header-menu-decoration-style":"underline","header-menu-decoration-underline-color":"#1e73be","header-menu-decoration-underline-color-style":"accent","header-menu-decoration-underline-direction":"from_center","header-menu-decoration-underline-gradient":"135deg|#ffffff 30%|#000000 100%","header-menu-decoration-underline-line_size":"2px","header-menu-dividers-color":"rgba(17,17,17,0.14)","header-menu-dividers-height":"24px","header-menu-dividers-height-style":"custom","header-menu-dividers-surround":"0","header-menu-dividers-width":"1px","header-menu-font-color":"#666666","header-menu-hover-font-color":"#000000","header-menu-hover-font-color-style":"color","header-menu-hover-font-gradient":"90deg|#8224e3 30%|#751257 100%","header-menu-icon-size":"24","header-menu-item-margin":"0px 0px 20px 0px","header-menu-item-padding":"0px 0px 0px 0px","header-menu-item-surround_margins-custom-margin":"30px","header-menu-item-surround_margins-style":"disabled","header-menu-show_dividers":"0","header-menu-show_next_lvl_icons":false,"header-menu-submenu-active-bg-color":"rgba(255,255,255,0)","header-menu-submenu-active-bg-color-style":"color","header-menu-submenu-active-bg-gradient":"90deg|#81d742 30%|#eeee22 100%","header-menu-submenu-active-bg-opacity":"100","header-menu-submenu-active-font-color":"#aaaaaa","header-menu-submenu-active-font-color-style":"accent","header-menu-submenu-active-font-gradient":"90deg|#ffffff 30%|#000000 100%","header-menu-submenu-bg-color":"#ffffff","header-menu-submenu-bg-hover":"background","header-menu-submenu-bg-padding":"0px 0px 0px 0px","header-menu-submenu-bg-width":"250px","header-menu-submenu-display":"hover","header-menu-submenu-font-color":"#666666","header-menu-submenu-hover-bg-color":"rgba(255,255,255,0)","header-menu-submenu-hover-bg-color-style":"color","header-menu-submenu-hover-bg-gradient":"90deg|#81d742 30%|#eeee22 100%","header-menu-submenu-hover-bg-opacity":"7","header-menu-submenu-hover-font-color":"#000000","header-menu-submenu-hover-font-color-style":"color","header-menu-submenu-hover-font-gradient":"90deg|#81d742 30%|#eeee22 100%","header-menu-submenu-icon-size":"12","header-menu-submenu-item-margin":"0px 0px 0px 0px","header-menu-submenu-item-padding":"5px 0px 5px 0px","header-menu-submenu-parent_is_clickable":false,"header-menu-submenu-show_next_lvl_icons":false,"header-menu-submenu-subtitle-typography":{"font_family":"Nunito Sans","font_size":"12"},"header-menu-submenu-typography":{"font_family":"Nunito:300","text_transform":"none","font_size":"16"},"header-menu-subtitle-typography":{"font_family":"Nunito Sans","font_size":"12"},"header-menu-typography":{"font_family":"Nunito Sans:200","text_transform":"none","font_size":"22"},"header-menu_close_icon-bg":"enabled","header-menu_close_icon-bg-border-radius":"0px","header-menu_close_icon-bg-border-width":"0px","header-menu_close_icon-bg-color":"rgba(255,255,255,0.75)","header-menu_close_icon-bg-hover":"enabled","header-menu_close_icon-border":"enabled","header-menu_close_icon-border-color":"","header-menu_close_icon-border-color-hover":"","header-menu_close_icon-border-hover":"enabled","header-menu_close_icon-caption_color":"#000000","header-menu_close_icon-caption_color-hover":"#000000","header-menu_close_icon-color":"#000000","header-menu_close_icon-hover-color":"#000000","header-menu_close_icon-margin":"30px 30px 30px 30px","header-menu_close_icon-padding":"15px 15px 15px 15px","header-menu_icon-bg":"enabled","header-menu_icon-bg-border-radius":"0px","header-menu_icon-bg-border-width":"0px","header-menu_icon-bg-color":"rgba(255,255,255,0.75)","header-menu_icon-bg-color-hover":"rgba(255,255,255,0.75)","header-menu_icon-bg-hover":"enabled","header-menu_icon-border":"enabled","header-menu_icon-border-color":"","header-menu_icon-border-hover":"enabled","header-menu_icon-border-hover-color":"","header-menu_icon-caption":"disabled","header-menu_icon-caption-padding":"18px 15px 18px 15px","header-menu_icon-caption-text":"Menu","header-menu_icon-caption-typography":{"font_family":"Roboto","text_transform":"none","font_size":"16"},"header-menu_icon-caption_color":"#000000","header-menu_icon-caption_color-hover":"#000000","header-menu_icon-caption_gap":"10px","header-menu_icon-color":"#000000","header-menu_icon-color-hover":"#000000","header-menu_icon-elements":[],"header-menu_icon-elements-below_menu-padding":"0px 0px 0px 0px","header-menu_icon-elements-near_menu-custom-icon-color":"","header-menu_icon-elements-near_menu-custom-icon-size":"16","header-menu_icon-elements-near_menu-font_color":"#888888","header-menu_icon-elements-near_menu-typography":{"font_family":"Arial","font_size":"14"},"header-menu_icon-hover-bg-color":"rgba(255,255,255,0.75)","header-menu_icon-margin":"0px 0px 0px 0px","header-menu_icon-show_elements":"0","header-menu_icon-size":"medium","header-mixed-bg-color":"rgba(255,255,255,1)","header-mixed-decoration":"shadow","header-mixed-decoration-color":"rgba(221,153,51,1)","header-mixed-decoration_size":"1px","header-mixed-floating-top-bar":false,"header-mixed-sticky-bg-color":"#000000","header-mobile-content-padding":"45px 10px 30px 30px","header-mobile-decoration":"shadow","header-mobile-decoration-color":"#ffffff","header-mobile-decoration-line_size":"1px","header-mobile-first_switch-after":"1150px","header-mobile-first_switch-height":"60px","header-mobile-first_switch-layout":"right_left","header-mobile-first_switch-logo":"mobile","header-mobile-first_switch-side-padding":"30px 30px","header-mobile-floating-bg-color":"rgba(255,255,255,1)","header-mobile-floating_navigation":"sticky","header-mobile-header-bg-color":"rgba(255,255,255,1)","header-mobile-menu-align":"right","header-mobile-menu-bg-color":"rgba(255,255,255,1)","header-mobile-menu-bg-width":"300px","header-mobile-menu-close_icon-caption":"right","header-mobile-menu-close_icon-caption-text":"close","header-mobile-menu-close_icon-caption-typography":{"font_family":"Nunito Sans:300","text_transform":"uppercase","font_size":"16"},"header-mobile-menu-close_icon-caption_gap":"10px","header-mobile-menu-close_icon-position":"right","header-mobile-menu-close_icon-size":"fade_thin","header-mobile-menu-dividers-color":"rgba(51,51,51,0.12)","header-mobile-menu-dividers-height":"1px","header-mobile-menu-font-color":"#666666","header-mobile-menu-font-hover-color":"#000000","header-mobile-menu-font-hover-color-style":"accent","header-mobile-menu-font-hover-gradient":"90deg|#b78ce2 30%|#1e73be 100%","header-mobile-menu-show_dividers":"0","header-mobile-menu-typography":{"font_family":"Nunito Sans:200","text_transform":"none","font_size":"22"},"header-mobile-menu_close-caption_color":"#000000","header-mobile-menu_close-caption_color-hover":"#000000","header-mobile-menu_close_icon-bg":"disabled","header-mobile-menu_close_icon-bg-border-radius":"0px","header-mobile-menu_close_icon-bg-border-width":"0px","header-mobile-menu_close_icon-bg-color":"#ffffff","header-mobile-menu_close_icon-bg-hover":"disabled","header-mobile-menu_close_icon-border":"disabled","header-mobile-menu_close_icon-border-color":"","header-mobile-menu_close_icon-border-color-hover":"","header-mobile-menu_close_icon-border-hover":"disabled","header-mobile-menu_close_icon-color":"#aaaaaa","header-mobile-menu_close_icon-hover-color":"#aaaaaa","header-mobile-menu_close_icon-margin":"25px 10px 0px 0px","header-mobile-menu_close_icon-padding":"0px 0px 0px 0px","header-mobile-menu_icon-bg-border-radius":"0px","header-mobile-menu_icon-bg-border-width":"0px","header-mobile-menu_icon-bg-color":"rgba(255,255,255,0)","header-mobile-menu_icon-bg-color-hover":"rgba(255,255,255,0)","header-mobile-menu_icon-bg-enable":"0","header-mobile-menu_icon-bg-hover":"0","header-mobile-menu_icon-border":"disabled","header-mobile-menu_icon-border-color":"","header-mobile-menu_icon-border-hover":"disabled","header-mobile-menu_icon-border-hover-color":"","header-mobile-menu_icon-caption":"right","header-mobile-menu_icon-caption-padding":"0px 0px 0px 10px","header-mobile-menu_icon-caption-text":"Menu","header-mobile-menu_icon-caption-typography":{"font_family":"Nunito Sans:300","text_transform":"uppercase","font_size":"16"},"header-mobile-menu_icon-caption_color":"#000000","header-mobile-menu_icon-caption_color-hover":"#000000","header-mobile-menu_icon-caption_gap":"15px","header-mobile-menu_icon-color":"#aaaaaa","header-mobile-menu_icon-color-hover":"#aaaaaa","header-mobile-menu_icon-hover-bg-color":"#ffffff","header-mobile-menu_icon-margin":"0px 0px 0px 0px","header-mobile-menu_icon-size":"type_9","header-mobile-microwidgets-custom-icon-color":"","header-mobile-microwidgets-custom-icon-size":"16","header-mobile-microwidgets-font-color":"#aaaaaa","header-mobile-microwidgets-typography":{"font_family":"Nunito Sans:300","font_size":"14"},"header-mobile-overlay-bg-color":"rgba(17,17,17,0.5)","header-mobile-second_switch-after":"600px","header-mobile-second_switch-height":"50px","header-mobile-second_switch-layout":"right_left","header-mobile-second_switch-logo":"mobile","header-mobile-second_switch-side-padding":"30px 30px","header-mobile-submenu-typography":{"font_family":"Nunito Sans:300","text_transform":"none","font_size":"16"},"header-overlay-content-padding":"0px 0px 0px 0px","header-overlay-content-position":"center","header-overlay-content-width":"300px","header-overlay-logo-position":"fully_inside","header-overlay-menu-items_alignment":"center","header-overlay-menu-items_link":"fullwidth","header-overlay-menu-position":"v_center","header-show_floating_navigation":"1","header-side-content-padding":"40px 20px 40px 40px","header-side-elements":{"below_menu":["multipurpose_2","phone","email"]},"header-side-elements-below_menu-padding":"30px 0px 0px 0px","header-side-elements-near_menu-custom-icon-color":"","header-side-elements-near_menu-custom-icon-size":"16","header-side-elements-near_menu-font_color":"#aaaaaa","header-side-elements-near_menu-typography":{"font_family":"Nunito Sans:300","font_size":"16"},"header-side-logo-position":"inside","header-side-menu-items_alignment":"left","header-side-menu-items_link":"textwidth","header-side-menu-position":"v_center","header-side-menu-submenu-position":"down","header-side-position":"left","header-side-show_elements":"1","header-side-width":"280px","header-side_line-elements":[],"header-side_line-elements-below_menu-padding":"0px 0px 0px 0px","header-side_line-elements-near_menu-custom-icon-color":"","header-side_line-elements-near_menu-custom-icon-size":"16","header-side_line-elements-near_menu-font_color":"#888888","header-side_line-elements-near_menu-typography":{"font_family":"Arial","font_size":"14"},"header-side_line-show_elements":"0","header-side_line-width":"60px","header-slide_out-content-padding":"50px 0px 50px 0px","header-slide_out-logo-position":"fully_inside","header-slide_out-menu-items_alignment":"center","header-slide_out-menu-items_link":"fullwidth","header-slide_out-menu-position":"v_top","header-slide_out-overlay-animation":"fade","header-slide_out-overlay-bg-color":"rgba(17,17,17,0.4)","header-slide_out-overlay-bg-color-style":"color","header-slide_out-overlay-bg-gradient":"135deg|rgba(205,183,226,0.4) 30%|rgba(130,20,130,0.4) 100%","header-slide_out-overlay-bg-opacity":"40","header-slide_out-position":"right","header-slide_out-width":"400px","header-split-elements":{"near_menu_left":["search"]},"header-split-elements-near_menu-custom-icon-color":"","header-split-elements-near_menu-custom-icon-size":"16","header-split-elements-near_menu-font_color":"#888888","header-split-elements-near_menu-typography":{"font_family":"Arial","font_size":"14"},"header-split-elements-near_menu_left-padding":"0px 20px 0px 20px","header-split-elements-near_menu_right-padding":"0px 20px 0px 20px","header-split-height":"100px","header-split-is_fullwidth":"0","header-split-menu-position":"outside","header-split-show_elements":"1","header-split-side-padding":"30px 30px","header-split-switch_paddings":"0px","header-split_mobile_paddings":"0px 0px","header-style-floating-choose_logo":"main","header-style-floating-logo-padding":"0px 0px 0px 0px","header-style-floating-logo_hd":["",0],"header-style-floating-logo_regular":["",0],"header-style-floating-mobile-logo-padding":"0px 0px 0px 0px","header-style-floating-mobile-logo_hd":["",0],"header-style-floating-mobile-logo_regular":["",0],"header-style-mixed-logo-padding":"0px 0px 0px 0px","header-style-mixed-logo_hd":["",0],"header-style-mixed-logo_regular":["",0],"header-style-mixed-top_line-floating-choose_logo":"main","header-style-mixed-top_line-floating-logo-padding":"0px 0px 0px 0px","header-style-mixed-top_line-floating-logo_hd":["",0],"header-style-mixed-top_line-floating-logo_regular":["",0],"header-style-mixed-transparent-top_line-choose_logo":"main","header-style-mixed-transparent-top_line-logo-padding":"0px 0px 0px 0px","header-style-mixed-transparent-top_line-logo_hd":["",0],"header-style-mixed-transparent-top_line-logo_regular":["",0],"header-style-mobile-logo-padding":"0px 0px 0px 0px","header-style-mobile-logo_hd":["",0],"header-style-mobile-logo_regular":["",0],"header-style-transparent-choose_logo":"main","header-style-transparent-logo-padding":"0px 0px 0px 0px","header-style-transparent-logo_hd":["",0],"header-style-transparent-logo_regular":["",0],"header-style-transparent-mobile-logo-padding":"0px 0px 0px 0px","header-style-transparent-mobile-logo_hd":["",0],"header-style-transparent-mobile-logo_regular":["",0],"header-top_line-elements":[],"header-top_line-elements-below_menu-padding":"0px 0px 0px 0px","header-top_line-elements-in_top_line-custom-icon-color":"","header-top_line-elements-in_top_line-custom-icon-size":"16","header-top_line-elements-in_top_line-font_color":"#888888","header-top_line-elements-in_top_line-typography":{"font_family":"Arial","font_size":"14"},"header-top_line-elements-near_menu-custom-icon-color":"","header-top_line-elements-near_menu-custom-icon-size":"16","header-top_line-elements-near_menu-font_color":"#888888","header-top_line-elements-near_menu-typography":{"font_family":"Arial","font_size":"14"},"header-top_line-elements-top_line-padding":"0px 0px 0px 0px","header-top_line-elements-top_line_right-padding":"0px 0px 0px 0px","header-top_line-show_elements":"0","header-top_line-side-padding":"30px 30px","header-top_line-switch_paddings":"0px","header-top_line_mobile_paddings":"0px 0px","header-transparent-mobile-first_switch-logo":"desktop","header-transparent-mobile-second_switch-logo":"desktop","header-transparent_bg_color":"rgba(238,238,34,1)","header_navigation":"slide_out","image_hover-color":"rgba(12,162,224,0.2)","image_hover-color_gradient":"135deg|rgba(46,221,237,0.2) 30%|rgba(0,132,187,0.2) 100%","image_hover-color_mode":"accent","image_hover-opacity":"20","image_hover-project_rollover_color":"rgba(0,0,0,0.85)","image_hover-project_rollover_color_gradient":"135deg|rgba(46,221,237,0.85) 30%|rgba(0,132,187,0.85) 100%","image_hover-project_rollover_color_mode":"accent","image_hover-project_rollover_opacity":"85","image_hover-style":"none","input_bg_color":"#ffffff","input_border_color":"rgba(0,0,0,0.12)","input_border_radius":"1px","input_border_width":"1px 1px 1px 1px","input_color":"#666666","input_height":"40px","input_padding":"5px 12px 5px 12px","layout-menu_icon-position":"menu_icon_right","layout-menu_icon-show_floating_logo":"1","layout-top_line-height":"130px","layout-top_line-is_fullwidth":"0","layout-top_line-is_sticky":"0","layout-top_line-logo-position":"left","menu-mobile-microwidgets-custom-icon-color":"","menu-mobile-microwidgets-custom-icon-size":"16","menu-mobile-microwidgets-font-color":"#aaaaaa","menu-mobile-microwidgets-typography":{"font_family":"Nunito Sans:300","font_size":"14"},"message_bg_color":"","message_color":"#ffffff","microwidgets-search-active-width":"260px","microwidgets-search-height":"38px","microwidgets-search-typography":{"font_family":"Nunito Sans","font_size":"16"},"microwidgets-search-width":"300px","microwidgets-search_bg-border-color":"#ffffff","microwidgets-search_bg-color":"#ffffff","microwidgets-search_bg_border_radius":"2px","microwidgets-search_bg_border_width":"1px","microwidgets-search_custom-icon":"the7-mw-icon-search-bold","microwidgets-search_font-color":"#222222","microwidgets-search_icon":"custom","microwidgets-search_icon-size":"16","microwidgets-search_input-padding":"10px 10px","microwidgets-search_overlay-bg":"color","microwidgets-search_overlay-bg-color":"rgba(0,0,0,0.9)","microwidgets-search_overlay-bg-gradient":"135deg|#ffffff 30%|#000000 100%","microwidgets-search_style":"popup","page_title-background-style-transparent-color_scheme":"light","page_title-padding":"30px 30px","portfolio-breadcrumbs-text":"","portfolio-rel_projects_columns":{"wide_desktop":4,"desktop":3,"laptop":3,"h_tablet":3,"v_tablet":2,"phone":1},"portfolio-rel_projects_proportions":{"width":1,"height":1},"post-show_fancy_categories":false,"post-show_fancy_date":false,"show_static_part_of_archive_title":"1","sidebar-bg_color":"rgba(247,247,248,1)","sidebar-bg_image":{"image":"","repeat":"repeat","position_x":"center","position_y":"center"},"sidebar-decoration":"none","sidebar-decoration_outline_color":"rgba(0,0,0,0.06)","sidebar-distance_to_content":"50px","sidebar-divider-horizontal":"0","sidebar-divider-vertical":"0","sidebar-floating":false,"sidebar-headers_color":"#000000","sidebar-primary_text_color":"#666666","sidebar-responsiveness":"992px","sidebar-vertical_distance":"60px","sidebar-visual_style":"with_dividers","sidebar-width":"350px","social_buttons-page":[],"social_buttons-page-button_title":"Share this page","social_buttons-photo":[],"social_buttons-photo-button_title":"Share this image","social_buttons-portfolio_post":[],"social_buttons-portfolio_post-button_title":"Share this post","social_buttons-post":[],"social_buttons-post-button_title":"Share this post","social_buttons-visibility":"allways","stripes-stripe_1_bg_image":{"image":"","repeat":"repeat","position_x":"center","position_y":"center"},"stripes-stripe_1_color":"#f8f8f9","stripes-stripe_1_content_boxes_bg_color":"#ffffff","stripes-stripe_1_content_boxes_bg_opacity":"100","stripes-stripe_1_content_boxes_decoration":"none","stripes-stripe_1_content_boxes_decoration_outline_color":"#dd3333","stripes-stripe_1_content_boxes_decoration_outline_opacity":"100","stripes-stripe_1_headers_color":"#3b3f4a","stripes-stripe_1_outline":"hide","stripes-stripe_1_outline_color":"#44bb70","stripes-stripe_1_outline_opacity":"100","stripes-stripe_1_text_color":"#787d85","stripes-stripe_2_bg_image":{"image":"","repeat":"repeat","position_x":"center","position_y":"center"},"stripes-stripe_2_color":"#23262d","stripes-stripe_2_content_boxes_bg_color":"#ffffff","stripes-stripe_2_content_boxes_bg_opacity":"10","stripes-stripe_2_content_boxes_decoration":"none","stripes-stripe_2_content_boxes_decoration_outline_color":"#ffffff","stripes-stripe_2_content_boxes_decoration_outline_opacity":"15","stripes-stripe_2_headers_color":"#ffffff","stripes-stripe_2_outline":"hide","stripes-stripe_2_outline_color":"#ffffff","stripes-stripe_2_outline_opacity":"15","stripes-stripe_2_text_color":"#8b9199","stripes-stripe_3_bg_image":{"image":"https:\/\/the7.io\/elementor-agency\/inc\/presets\/images\/full\/skin22.stripes-stripe-3-bg-image.jpg","repeat":"repeat","position_x":"center","position_y":"center"},"stripes-stripe_3_color":"#000000","stripes-stripe_3_content_boxes_bg_color":"#ffffff","stripes-stripe_3_content_boxes_bg_opacity":"10","stripes-stripe_3_content_boxes_decoration":"none","stripes-stripe_3_content_boxes_decoration_outline_color":"#ffffff","stripes-stripe_3_content_boxes_decoration_outline_opacity":"19","stripes-stripe_3_headers_color":"#ffffff","stripes-stripe_3_outline":"hide","stripes-stripe_3_outline_color":"#252728","stripes-stripe_3_outline_opacity":"100","stripes-stripe_3_text_color":"#ffffff","template_page_id_404":0,"template_page_id_author":0,"template_page_id_author_full_content":"0","template_page_id_blog_category":0,"template_page_id_blog_category_full_content":"0","template_page_id_blog_tags":0,"template_page_id_blog_tags_full_content":"0","template_page_id_date":0,"template_page_id_date_full_content":"0","template_page_id_portfolio_category":0,"template_page_id_portfolio_category_full_content":"0","template_page_id_search":0,"template_page_id_search_full_content":"0","the7_opengraph_tags":"1","top-bar-height":"36px","top-bar-transparent_bg_color":"rgba(0,0,0,0.5)","top_bar-bg-color":"#ffffff","top_bar-bg-image":{"image":"","repeat":"repeat","position_x":"center","position_y":"center"},"top_bar-bg-style":"fullwidth_line","top_bar-custom-icon-color":"","top_bar-custom-icon-size":"16","top_bar-font-color":"#aaaaaa","top_bar-line-color":"rgba(0,0,0,0.12)","top_bar-line-in-transparent-header":false,"top_bar-line_size":"1px","top_bar-line_style":"solid","top_bar-padding":"0px 30px 0px 30px","top_bar-switch_paddings":"778px","top_bar-typography":{"font_family":"Nunito Sans:300","text_transform":"none","font_size":"14"},"top_bar_mobile_paddings":"0px 30px 0px 30px","widget_gap":"15px","widgetareas":{"1":{"sidebar_name":"Default Sidebar","sidebar_desc":"Sidebar primary widget area"},"2":{"sidebar_name":"Default Footer","sidebar_desc":"Footer primary widget area"}}},"the7_dashboard_settings":{"settings-preset":"custom","mega-menu":false,"elementor-buttons-integration":true,"elementor-theme-style":true,"elementor-the7-typography-fix":false,"elementor-zero-paragraph-last-spacing":true,"elementor-canvas":false,"the7-icons-for-elementor":false,"legacy-elementor-theme-features":false,"deprecated_mega_menu_settings":false,"portfolio":true,"portfolio-breadcrumbs-text":"","testimonials":false,"team":false,"logos":false,"benefits":false,"albums":false,"slideshow":false},"wp_settings":{"show_on_front":"page","page_on_front":"2","page_for_posts":"0"},"widgets_settings":{"widget_archives":{"2":{"title":"","count":0,"dropdown":0},"_multiwidget":1},"widget_meta":{"2":{"title":""},"_multiwidget":1},"widget_search":{"2":{"title":""},"_multiwidget":1},"widget_categories":{"2":{"title":"","count":0,"hierarchical":0,"dropdown":0},"_multiwidget":1},"widget_recent-posts":{"2":{"title":"","number":5},"_multiwidget":1},"widget_recent-comments":{"2":{"title":"","number":5},"_multiwidget":1},"sidebars_widgets":{"wp_inactive_widgets":[9022],"sidebar_1":["search-2","recent-posts-2","recent-comments-2"],"sidebar_2":["archives-2","categories-2","meta-2"],"array_version":3}},"nav_menu_locations":{"primary":12,"mobile":12},"ultimate_selected_google_fonts":false,"ultimate_icon_fonts":[],"the7_fontawesome_version":false,"elementor":{"elementor_cpt_support":["post","page","dt_portfolio"],"elementor_disable_color_schemes":"yes","elementor_disable_typography_schemes":"yes","elementor_use_the7_schemes":"no","elementor_experiment-theme_builder_v2":"active","elementor_experiment-home_screen":"active","elementor_experiment-global_classes_should_enforce_capabilities":"active","elementor_experiment-e_variables":"active","elementor_experiment-cloud-library":"active","elementor_experiment-e_opt_in_v4_page":"active","elementor_experiment-import-export-customization":"active"},"elementor_kit_settings":{"system_colors":[{"_id":"primary","title":"not in use","color":"#FF0000"},{"_id":"secondary","title":"not in use","color":"#FF0000"},{"_id":"text","title":"not in use","color":"#FF0000"},{"_id":"accent","title":"not in use","color":"#FF0000"}],"custom_colors":[{"_id":"el_color_7","title":"Titles","color":"#0B0F1F","raw_id":"el_color_7"},{"_id":"el_color_7_1","title":"Content base","raw_id":"el_color_7_1","color":"#0B0F1FB8"},{"_id":"el_color_7_2","title":"Content secondary","raw_id":"el_color_7_2","color":"#0B0F1F70"},{"_id":"el_color_1_2","title":"Color 1 dark","color":"#025CB7","raw_id":"el_color_1_2"},{"_id":"el_color_1","title":"Color 1 base","color":"#0376EA","raw_id":"el_color_1"},{"_id":"el_color_1_6","title":"Color 1 transp.","color":"#0376EA14","raw_id":"el_color_1_6"},{"_id":"el_color_2_2","title":"Color 2 dark","raw_id":"el_color_2_2","color":"#02A665"},{"_id":"el_color_2","title":"Color 2","raw_id":"el_color_2","color":"#03D87D"},{"_id":"el_color_2_6","title":"Color 2 transp.","color":"#03D87D14","raw_id":"el_color_2_6"},{"_id":"el_color_6","title":"Dark bg \/ footer","raw_id":"el_color_6","color":"#000000"},{"_id":"el_color_7_4","title":"Dividers","color":"#0B0F1F1F","raw_id":"el_color_7_4"},{"_id":"el_color_7_6","title":"Content boxes","color":"#0B0F1F0D","raw_id":"el_color_7_6"},{"_id":"el_color_0","title":"White","color":"#ffffff","raw_id":"el_color_0"},{"_id":"el_color_4","title":"Gradient color 1","color":"#263D81","raw_id":"el_color_4"},{"_id":"el_color_5","title":"Gradient color 2","raw_id":"el_color_5","color":"#000000"}],"system_typography":[{"_id":"primary","title":"not in use","typography_typography":"custom"},{"_id":"secondary","title":"not in use","typography_typography":"custom"},{"_id":"text","title":"not in use","typography_typography":"custom"},{"_id":"accent","title":"not in use","typography_typography":"custom"}],"custom_typography":[{"_id":"el_content_4","title":"Content large","typography_typography":"custom","typography_font_size":{"unit":"px","size":18,"sizes":[]},"typography_font_size_mobile":{"unit":"px","size":16,"sizes":[]},"typography_font_weight":"400","typography_line_height":{"unit":"em","size":1.6,"sizes":[]},"typography_text_transform":"none","raw_id":"el_content_4","typography_font_family":"Manrope","typography_font_style":"normal","typography_text_decoration":"none"},{"_id":"el_content_1","title":"Content base","typography_font_family":"Manrope","typography_text_transform":"none","typography_font_size":{"unit":"px","size":16,"sizes":[]},"typography_line_height":{"unit":"em","size":1.7,"sizes":[]},"typography_typography":"custom","raw_id":"el_content_1","typography_font_weight":"400","typography_font_style":"normal"},{"_id":"el_content_2","title":"Content medium","typography_font_family":"Manrope","typography_text_transform":"none","typography_font_size":{"unit":"px","size":15,"sizes":[]},"typography_line_height":{"unit":"em","size":1.6,"sizes":[]},"typography_typography":"custom","raw_id":"el_content_2","typography_font_weight":"400","typography_font_style":"normal","typography_text_decoration":"none"},{"_id":"el_content_3","title":"Content small","typography_font_family":"Manrope","typography_text_transform":"none","typography_font_size":{"unit":"px","size":14,"sizes":[]},"typography_line_height":{"unit":"em","size":1.6,"sizes":[]},"typography_typography":"custom","raw_id":"el_content_3","typography_font_weight":"400","typography_font_style":"normal","typography_text_decoration":"none"},{"_id":"el_quote_1","title":"Quote","typography_typography":"custom","typography_font_size":{"unit":"px","size":20,"sizes":[]},"typography_font_size_mobile":{"unit":"px","size":16,"sizes":[]},"typography_font_style":"normal","typography_line_height":{"unit":"em","size":1.6,"sizes":[]},"raw_id":"el_quote_1","typography_font_family":"Manrope","typography_font_size_tablet":{"unit":"px","size":18,"sizes":[]},"typography_font_weight":"400","typography_text_decoration":"none"},{"_id":"el_title_1","title":"Title 1","typography_font_family":"Comfortaa","typography_font_weight":"bold","typography_text_transform":"none","typography_font_size":{"unit":"px","size":46,"sizes":[]},"typography_font_size_tablet":{"unit":"px","size":40,"sizes":[]},"typography_font_size_mobile":{"unit":"px","size":30,"sizes":[]},"typography_line_height":{"unit":"em","size":1.3,"sizes":[]},"typography_typography":"custom","raw_id":"el_title_1","typography_letter_spacing":{"unit":"px","size":-0.5,"sizes":[]}},{"_id":"el_title_2","title":"Title 2","typography_font_family":"Comfortaa","typography_font_weight":"900","typography_text_transform":"none","typography_font_size":{"unit":"px","size":34,"sizes":[]},"typography_font_size_tablet":{"unit":"px","size":30,"sizes":[]},"typography_font_size_mobile":{"unit":"px","size":24,"sizes":[]},"typography_line_height":{"unit":"em","size":1.3,"sizes":[]},"typography_typography":"custom","raw_id":"el_title_2","typography_letter_spacing":{"unit":"px","size":-0.5,"sizes":[]}},{"_id":"el_title_3","title":"Title 3","typography_font_family":"Manrope","typography_font_weight":"500","typography_text_transform":"none","typography_font_size":{"unit":"px","size":24,"sizes":[]},"typography_font_size_mobile":{"unit":"px","size":20,"sizes":[]},"typography_line_height":{"unit":"em","size":1.4,"sizes":[]},"typography_typography":"custom","raw_id":"el_title_3"},{"_id":"el_title_4","title":"Title 4","typography_font_family":"Manrope","typography_font_weight":"500","typography_text_transform":"none","typography_font_size":{"unit":"px","size":21,"sizes":[]},"typography_line_height":{"unit":"em","size":1.4,"sizes":[]},"typography_typography":"custom","raw_id":"el_title_4"},{"_id":"el_title_5","title":"Title 5","typography_font_family":"Manrope","typography_font_weight":"500","typography_text_transform":"none","typography_font_size":{"unit":"px","size":18,"sizes":[]},"typography_line_height":{"unit":"em","size":1.4,"sizes":[]},"typography_typography":"custom","raw_id":"el_title_5"},{"_id":"el_title_6","title":"Title 6","typography_font_family":"Manrope","typography_font_weight":"500","typography_text_transform":"none","typography_font_size":{"unit":"px","size":16,"sizes":[]},"typography_line_height":{"unit":"em","size":1.4,"sizes":[]},"typography_typography":"custom","raw_id":"el_title_6"},{"_id":"el_title_7","title":"Subtitle","raw_id":"el_title_7","typography_typography":"custom","typography_font_family":"Comfortaa","typography_font_size":{"unit":"px","size":18,"sizes":[]},"typography_font_weight":"900","typography_text_transform":"uppercase","typography_font_style":"normal","typography_line_height":{"unit":"em","size":1.2,"sizes":[]},"typography_font_size_mobile":{"unit":"px","size":16,"sizes":[]}},{"typography_typography":"custom","typography_font_family":"Manrope","typography_font_size":{"unit":"px","size":16,"sizes":[]},"typography_font_weight":"500","typography_text_transform":"none","typography_font_style":"normal","typography_text_decoration":"none","typography_line_height":{"unit":"em","size":1.2,"sizes":[]},"_id":"el_menu_1","title":"Main menu","raw_id":"el_menu_1"},{"_id":"el_menu_2","title":"Mobile menu","raw_id":"el_menu_2","typography_typography":"custom","typography_font_family":"Manrope","typography_font_size":{"unit":"px","size":18,"sizes":[]},"typography_font_weight":"500","typography_text_transform":"none","typography_font_style":"normal","typography_text_decoration":"none","typography_line_height":{"unit":"em","size":1.2,"sizes":[]}}],"default_generic_fonts":"Sans-serif","page_title_selector":"h1.entry-title","container_width":{"unit":"px","size":1200,"sizes":[]},"space_between_widgets":{"unit":"px","size":0,"sizes":[],"column":"0","row":"0","isLinked":true},"viewport_md":778,"viewport_lg":990,"viewport_mobile":777,"viewport_tablet":989,"the7_btn_def_typography_typography":"custom","the7_btn_def_typography_font_family":"Manrope","the7_btn_def_typography_font_weight":"500","the7_btn_s_typography_typography":"custom","the7_btn_s_typography_font_size":{"unit":"px","size":11,"sizes":[]},"the7_btn_s_padding":{"unit":"px","top":"5","right":"11","bottom":"5","left":"11","isLinked":false},"the7_btn_s_min_width":{"unit":"px","size":1,"sizes":[]},"the7_btn_s_min_height":{"unit":"px","size":28,"sizes":[]},"the7_btn_s_border_radius":{"unit":"px","top":"3","right":"3","bottom":"3","left":"3","isLinked":true},"the7_btn_m_typography_typography":"custom","the7_btn_m_typography_font_size":{"unit":"px","size":12,"sizes":[]},"the7_btn_m_padding":{"unit":"px","top":"5","right":"15","bottom":"5","left":"15","isLinked":false},"the7_btn_m_min_width":{"unit":"px","size":1,"sizes":[]},"the7_btn_m_min_height":{"unit":"px","size":36,"sizes":[]},"the7_btn_m_border_radius":{"unit":"px","top":"4","right":"4","bottom":"4","left":"4","isLinked":true},"the7_btn_l_typography_typography":"custom","the7_btn_l_typography_font_size":{"unit":"px","size":14,"sizes":[]},"the7_btn_l_padding":{"unit":"px","top":"5","right":"18","bottom":"5","left":"18","isLinked":false},"the7_btn_l_min_width":{"unit":"px","size":1,"sizes":[]},"the7_btn_l_min_height":{"unit":"px","size":48,"sizes":[]},"the7_btn_l_border_radius":{"unit":"px","top":"5","right":"5","bottom":"5","left":"5","isLinked":true},"the7_btn_lg_typography_typography":"custom","the7_btn_lg_typography_font_size":{"unit":"px","size":16,"sizes":[]},"the7_btn_lg_padding":{"unit":"px","top":"5","right":"22","bottom":"5","left":"22","isLinked":false},"the7_btn_lg_min_width":{"unit":"px","size":1,"sizes":[]},"the7_btn_lg_min_height":{"unit":"px","size":54,"sizes":[]},"the7_btn_lg_border_radius":{"unit":"px","top":"5","right":"5","bottom":"5","left":"5","isLinked":true},"the7_btn_xl_typography_typography":"custom","the7_btn_xl_typography_font_size":{"unit":"px","size":18,"sizes":[]},"the7_btn_xl_padding":{"unit":"px","top":"5","right":"28","bottom":"5","left":"28","isLinked":false},"the7_btn_xl_min_width":{"unit":"px","size":1,"sizes":[]},"the7_btn_xl_min_height":{"unit":"px","size":62,"sizes":[]},"the7_btn_xl_border_radius":{"unit":"px","top":"5","right":"5","bottom":"5","left":"5","isLinked":true},"the7_header_def_typography_typography":"custom","the7_header_def_typography_font_family":"Manrope","the7_header_def_typography_font_size":{"unit":"px","size":500,"sizes":[]},"__globals__":{"the7-accent-color":"globals\/colors?id=el_color_1","the7-divider-color":"globals\/colors?id=el_color_7_4","the7-content-boxes":"globals\/colors?id=el_color_7_6","the7_general_beautiful_loading_color":"globals\/colors?id=el_color_1","the7_general_beautiful_loading_background_color":"globals\/colors?id=el_color_0","the7_base_color":"globals\/colors?id=el_color_7_1","the7-content-secondary_text_color":"globals\/colors?id=el_color_7_2","the7_link_color":"globals\/colors?id=el_color_2","the7_link_hover_color":"globals\/colors?id=el_color_1","the7_title_color":"globals\/colors?id=el_color_7","the7_h1_typography_typography":"globals\/typography?id=el_title_1","the7_h2_typography_typography":"globals\/typography?id=el_title_2","the7_h3_typography_typography":"globals\/typography?id=el_title_3","the7_h4_typography_typography":"globals\/typography?id=el_title_4","the7_h5_typography_typography":"globals\/typography?id=el_title_5","the7_h6_typography_typography":"globals\/typography?id=el_title_6","the7-base-typography_typography":"globals\/typography?id=el_content_1","the7-widget-title-typography_typography":"globals\/typography?id=el_title_5","the7-widget-content-typography_typography":"globals\/typography?id=el_content_2","the7_button_text_color":"globals\/colors?id=el_color_0","the7_button_hover_text_color":"globals\/colors?id=el_color_0","the7_button_hover_background_color":"globals\/colors?id=el_color_1_2","the7_button_hover_border_color":"","the7_button_background_color":"globals\/colors?id=el_color_1","the7_button_border_color":"","mobile_browser_background":"globals\/colors?id=el_color_0","the7_button_background_color_b":"","the7_forms_text_color":"globals\/colors?id=el_color_7","the7_forms_bg_color":"globals\/colors?id=el_color_0","the7_forms_border_color":"globals\/colors?id=el_color_7_4","the7_forms_label_typography_typography":"globals\/typography?id=el_content_3","the7_forms_label_color":"globals\/colors?id=el_color_7","the7_form_xs_typography_typography":"globals\/typography?id=el_content_3","the7_form_sm_typography_typography":"globals\/typography?id=el_content_2","the7_form_md_typography_typography":"globals\/typography?id=el_content_2","the7_form_lg_typography_typography":"globals\/typography?id=el_content_1","the7_form_xl_typography_typography":"globals\/typography?id=el_content_4","the7_scroll_to_top_button_bg_color_hover":"globals\/colors?id=el_color_1","body_background_color":"globals\/colors?id=el_color_0","the7_scroll_to_top_button_icon_color":"globals\/colors?id=el_color_0","the7_scroll_to_top_button_icon_color_hover":"globals\/colors?id=el_color_0"},"the7-accent-color":"#0376EA","the7-divider-color":"#0000001F","the7-content-boxes":"#0B0F1F0D","the7_general_beautiful_loading_color":"#0376EA","the7_general_beautiful_loading_background_color":"#ffffff","the7_btn_def_typography_text_transform":"none","the7_button_text_color":"#ffffff","the7_button_hover_text_color":"#ffffff","the7_button_hover_background_color":"#03D87D","the7-content-secondary_text_color":"#0B0F1F66","the7_link_color":"#0376EA","the7_link_decorator":"yes","the7_link_hover_color":"#0376EA","the7_title_color":"#0B0F1F","the7_header_def_typography_font_weight":"500","the7_header_def_typography_text_transform":"none","the7_header_def_typography_font_style":"normal","the7_header_def_typography_text_decoration":"none","the7_h1_typography_typography":"custom","the7_h1_typography_font_family":"Comfortaa","the7_h1_typography_font_size":{"unit":"px","size":50,"sizes":[]},"the7_h1_typography_font_size_tablet":{"unit":"px","size":42,"sizes":[]},"the7_h1_typography_font_size_mobile":{"unit":"px","size":24,"sizes":[]},"the7_h1_typography_font_weight":"900","the7_h1_typography_text_transform":"none","the7_h1_typography_line_height":{"unit":"em","size":1.1,"sizes":[]},"the7_h2_typography_typography":"custom","the7_h2_typography_font_family":"Comfortaa","the7_h2_typography_font_size":{"unit":"px","size":34,"sizes":[]},"the7_h2_typography_font_size_tablet":{"unit":"px","size":30,"sizes":[]},"the7_h2_typography_font_size_mobile":{"unit":"px","size":24,"sizes":[]},"the7_h2_typography_font_weight":"900","the7_h2_typography_text_transform":"none","the7_h2_typography_line_height":{"unit":"em","size":1.3,"sizes":[]},"the7_h3_typography_typography":"custom","the7_h3_typography_font_family":"Manrope","the7_h3_typography_font_size":{"unit":"px","size":22,"sizes":[]},"the7_h3_typography_font_size_mobile":{"unit":"px","size":20,"sizes":[]},"the7_h3_typography_font_weight":"500","the7_h3_typography_text_transform":"none","the7_h3_typography_line_height":{"unit":"em","size":1.4,"sizes":[]},"the7_h4_typography_typography":"custom","the7_h4_typography_font_family":"Manrope","the7_h4_typography_font_size":{"unit":"px","size":18,"sizes":[]},"the7_h4_typography_font_weight":"500","the7_h4_typography_text_transform":"none","the7_h4_typography_line_height":{"unit":"em","size":1.4,"sizes":[]},"the7_h5_typography_typography":"custom","the7_h5_typography_font_family":"Manrope","the7_h5_typography_font_size":{"unit":"px","size":16,"sizes":[]},"the7_h5_typography_font_weight":"500","the7_h5_typography_text_transform":"none","the7_h5_typography_line_height":{"unit":"em","size":1.4,"sizes":[]},"the7_h6_typography_typography":"custom","the7_h6_typography_font_family":"Manrope","the7_h6_typography_font_size":{"unit":"px","size":14,"sizes":[]},"the7_h6_typography_font_weight":"500","the7_h6_typography_text_transform":"none","the7_h6_typography_line_height":{"unit":"em","size":1.4,"sizes":[]},"the7-widget-title-typography_typography":"custom","the7-widget-title-typography_font_family":"Manrope","the7-widget-title-typography_font_size":{"unit":"px","size":16,"sizes":[]},"the7-widget-title-typography_font_weight":"500","the7-widget-title-typography_text_transform":"none","the7-widget-title-typography_line_height":{"unit":"em","size":1.4,"sizes":[]},"title_spacing":{"unit":"px","size":15,"sizes":[]},"the7-widget-content-typography_typography":"custom","the7-widget-content-typography_font_family":"Manrope","the7-widget-content-typography_font_size":{"unit":"px","size":15,"sizes":[]},"the7-widget-content-typography_text_transform":"none","the7-widget-content-typography_line_height":{"unit":"em","size":1.6,"sizes":[]},"raw_id":"el_content_2","the7_btn_xl_typography_font_size_mobile":{"unit":"px","size":16,"sizes":[]},"the7_btn_xl_padding_mobile":{"unit":"px","top":"5","right":"22","bottom":"5","left":"22","isLinked":false},"the7_btn_xl_min_height_mobile":{"unit":"px","size":54,"sizes":[]},"mobile_browser_background":"#ffffff","the7_button_background_color_b":"","the7_button_background_gradient_angle":{"unit":"deg","size":90,"sizes":[]},"the7-base-typography_typography":"custom","the7-base-typography_font_family":"Manrope","the7-base-typography_font_size":{"unit":"px","size":16,"sizes":[]},"the7-base-typography_text_transform":"none","the7-base-typography_line_height":{"unit":"em","size":1.7,"sizes":[]},"the7_base_color":"#0B0F1FBF","the7_h1_typography_letter_spacing":{"unit":"px","size":-0.5,"sizes":[]},"the7_h2_typography_letter_spacing":{"unit":"px","size":-0.5,"sizes":[]},"the7_header_def_typography_line_height":{"unit":"em","size":1.5,"sizes":[]},"the7_forms_def_min_height":{"unit":"px","size":30,"sizes":[]},"the7_forms_column_spacing":{"unit":"px","size":20,"sizes":[]},"the7_forms_row_spacing":{"unit":"px","size":20,"sizes":[]},"the7_forms_border_border":"solid","the7_forms_border_width":{"unit":"px","top":"1","right":"1","bottom":"1","left":"1","isLinked":true},"the7_forms_border_radius":{"unit":"px","top":"4","right":"4","bottom":"4","left":"4","isLinked":true},"the7_forms_placeholder_opacity":{"unit":"px","size":0.35,"sizes":[]},"the7_forms_focus_placeholder_opacity":{"unit":"px","size":0.15,"sizes":[]},"the7_forms_label_spacing":{"unit":"px","size":5,"sizes":[]},"the7_form_xs_min_height":{"unit":"px","size":28,"sizes":[]},"the7_form_sm_min_height":{"unit":"px","size":36,"sizes":[]},"the7_form_md_min_height":{"unit":"px","size":48,"sizes":[]},"the7_form_lg_min_height":{"unit":"px","size":54,"sizes":[]},"the7_form_xl_min_height":{"unit":"px","size":62,"sizes":[]},"the7_form_xs_padding":{"unit":"px","top":"2","right":"8","bottom":"2","left":"8","isLinked":false},"the7_form_sm_padding":{"unit":"px","top":"4","right":"10","bottom":"4","left":"10","isLinked":false},"the7_form_md_padding":{"unit":"px","top":"8","right":"16","bottom":"8","left":"16","isLinked":false},"the7_form_lg_padding":{"unit":"px","top":"8","right":"18","bottom":"8","left":"18","isLinked":false},"the7_form_xl_padding":{"unit":"px","top":"10","right":"20","bottom":"10","left":"20","isLinked":false},"the7_scroll_to_top_button_icon":{"value":"the7feather- the7-feather-arrow-up","library":"the7-feather"},"the7_scroll_to_top_button_icon_size":{"unit":"px","size":24,"sizes":[]},"the7_scroll_to_top_button_border_radius":{"unit":"%","top":"100","right":"100","bottom":"100","left":"100","isLinked":true},"body_background_background":"classic","the7_scroll_to_top_button_size":{"unit":"em","size":0.6,"sizes":[]},"the7_scroll_to_top_button_bg_color":"#00000040","the7_scroll_to_top_button_position":"right","the7_scroll_to_top_button_h_offset":{"unit":"px","size":20,"sizes":[]},"the7_scroll_to_top_button_v_offset":{"unit":"px","size":20,"sizes":[]},"the7_anchor_scroll_offset":{"unit":"px","size":70,"sizes":[]}},"site_identity":{"custom_logo":4139,"site_icon":6169},"the7_core_post_types_builder":{"post_types":[],"taxonomies":[]},"revolution_sliders":[],"vc_settings":[]}