{"schema":{"folders":{"ultimate_icon_fonts":"Ultimate_VC_Addons\/icon-fonts"}},"theme_options":{"advanced-normalize_resize_on_mobile":"1","advanced-speed_img_resize":"1","blog-fancy_date-style":"vertical","blog-thumbnail_proportions":{"width":2,"height":1},"blog-thumbnail_size":"resize","bottom_bar-bg_color":"rgba(255,255,255,0.12)","bottom_bar-bg_image":{"image":"","repeat":"repeat","position_x":"center","position_y":"top"},"bottom_bar-bg_opacity":12,"bottom_bar-collapse_after":"990px","bottom_bar-color":"#ffffff","bottom_bar-copyrights":"","bottom_bar-credits":"1","bottom_bar-enabled":"1","bottom_bar-height":"60px","bottom_bar-layout":"logo_left","bottom_bar-logo-padding":"0px 10px 0px 0px","bottom_bar-logo-padding-bottom":0,"bottom_bar-logo-padding-left":0,"bottom_bar-logo-padding-right":10,"bottom_bar-logo-padding-top":0,"bottom_bar-logo_hd":["\/wp-content\/uploads\/sites\/43\/2017\/11\/agency-logo-bottom-hd.png",722],"bottom_bar-logo_regular":["\/wp-content\/uploads\/sites\/43\/2017\/11\/agency-logo-bottom.png",723],"bottom_bar-menu-collapse_after":"778px","bottom_bar-padding":"10px 10px","bottom_bar-style":"content_width_line","bottom_bar-text":"<span class=\"paint-accent-color\">mail:<\/span> hello@dream-theme.com<span class=\"paint-accent-color\" style=\"padding-left: 20px\">tel:<\/span> 001 234 56 78","breadcrumbs-typography":{"font_family":"Roboto:400italic","font_size":14,"line_height":24,"text_transform":"none"},"breadcrumbs_bg_color":"rgba(255,255,255,0.2)","breadcrumbs_bg_opacity":20,"breadcrumbs_border_color":"rgba(130,36,227,0.2)","breadcrumbs_border_opacity":20,"breadcrumbs_border_radius":"2px","breadcrumbs_border_width":"0px","breadcrumbs_margin":"8px 0px 0px 0px","breadcrumbs_margin-bottom":"0px","breadcrumbs_margin-left":"0px","breadcrumbs_margin-right":"0px","breadcrumbs_margin-top":"8px","breadcrumbs_padding":"0px 0px 0px 0px","breadcrumbs_padding-bottom":"0","breadcrumbs_padding-left":"0","breadcrumbs_padding-right":"0","breadcrumbs_padding-top":"0","buttons-color":"#81d742","buttons-color_gradient":"135deg|#13aa4a 30%|#84df31 100%","buttons-color_mode":"accent","buttons-hover_color":"#c64e4b","buttons-hover_color_gradient":"135deg|#23aadd 30%|#37ce9d 100%","buttons-hover_color_mode":"color","buttons-l-icon-size":17,"buttons-l-typography":{"font_family":"Roboto:700","font_size":17,"text_transform":"uppercase"},"buttons-l_border_radius":"1px","buttons-l_padding":"16px 24px 16px 24px","buttons-l_padding-bottom":16,"buttons-l_padding-left":24,"buttons-l_padding-right":24,"buttons-l_padding-top":16,"buttons-m-icon-size":15,"buttons-m-typography":{"font_family":"Roboto:700","font_size":15,"text_transform":"uppercase"},"buttons-m_border_radius":"1px","buttons-m_padding":"12px 18px 12px 18px","buttons-m_padding-bottom":12,"buttons-m_padding-left":18,"buttons-m_padding-right":18,"buttons-m_padding-top":12,"buttons-s-icon-size":13,"buttons-s-typography":{"font_family":"Roboto:700","font_size":13,"text_transform":"uppercase"},"buttons-s_border_radius":"1px","buttons-s_padding":"8px 14px 7px 14px","buttons-s_padding-bottom":7,"buttons-s_padding-left":14,"buttons-s_padding-right":14,"buttons-s_padding-top":8,"buttons-text_color":"#ffffff","buttons-text_color_mode":"color","buttons-text_hover_color":"#ffffff","buttons-text_hover_color_mode":"color","contact_form_message":"1","content-headers_color":"#333333","content-links_color":"#f3615a","content-primary_text_color":"#85868c","content-secondary_text_color":"#b4b5bb","custom_error_messages":"The message has not been sent. Plaese try again.","custom_error_messages_validation":"One or more fields have an error. Please check and try again.","custom_success_messages":"Your message has been sent.","dividers-color":"rgba(51,51,51,0.12)","dividers-opacity":12,"filter-typography":{"font_family":"Roboto:700","font_size":13,"text_transform":"uppercase"},"fonts-big_size":{"font_size":"16px","line_height":"28px"},"fonts-font_family":"Roboto","fonts-h1-typography":{"font_family":"Roboto:700","text_transform":"none","responsive_font_size":{"desktop":"54px","tablet":"42px","mobile":"42px"},"responsive_line_height":{"desktop":"64px"}},"fonts-h2-typography":{"font_family":"Roboto:700","text_transform":"none","responsive_font_size":{"desktop":"42px"},"responsive_line_height":{"desktop":"52px"}},"fonts-h3-typography":{"font_family":"Roboto:700","text_transform":"none","responsive_font_size":{"desktop":"26px"},"responsive_line_height":{"desktop":"36px"}},"fonts-h4-typography":{"font_family":"Roboto:700","text_transform":"none","responsive_font_size":{"desktop":"20px"},"responsive_line_height":{"desktop":"30px"}},"fonts-h5-typography":{"font_family":"Roboto:700","text_transform":"none","responsive_font_size":{"desktop":"16px"},"responsive_line_height":{"desktop":"26px"}},"fonts-h6-typography":{"font_family":"Roboto:700","text_transform":"none","responsive_font_size":{"desktop":"14px"},"responsive_line_height":{"desktop":"24px"}},"fonts-normal_size":{"font_size":"14px","line_height":"25px"},"fonts-small_size":{"font_size":"13px","line_height":"23px"},"footer-accent_text_color":"","footer-bg_color":"rgba(17,17,17,1)","footer-bg_image":{"image":"","repeat":"repeat","position_x":"center","position_y":"top"},"footer-bg_opacity":100,"footer-collapse_after":"778px","footer-collapse_columns_after":"778px","footer-decoration":"none","footer-decoration_outline_color":"rgba(129,215,66,0.96)","footer-decoration_outline_opacity":96,"footer-headers_color":"#ffffff","footer-is_fullwidth":"0","footer-layout":"1\/3+1\/3+1\/3","footer-mobile_padding":"60px 20px 25px 20px","footer-padding":"60px 50px 25px 50px","footer-padding-bottom":25,"footer-padding-top":60,"footer-paddings-columns":"25px","footer-primary_text_color":"#f3615a","footer-slide-out-mode":"0","footer-style":"solid_background","general-accent_bg_color":"#f3615a","general-accent_bg_color_gradient":"135deg|#790724 30%|#204ad6 100%","general-accent_color_mode":"color","general-album_back_button_url":"","general-album_meta_author":false,"general-album_meta_categories":"1","general-album_meta_comments":false,"general-album_meta_date":"1","general-album_meta_on":"1","general-beautiful_loading":"enabled","general-bg_color":"rgba(255,255,255,1)","general-bg_fixed":false,"general-bg_fullscreen":false,"general-bg_image":{"image":"","repeat":"repeat","position_x":"center","position_y":"top"},"general-bg_opacity":100,"general-blog_meta_author":"1","general-blog_meta_categories":"1","general-blog_meta_comments":"1","general-blog_meta_date":"1","general-blog_meta_on":"1","general-blog_meta_tags":"1","general-border_radius":"1px","general-box_width":"1340px","general-boxed_bg_color":"#f7f7f7","general-boxed_bg_fixed":"1","general-boxed_bg_fullscreen":false,"general-boxed_bg_image":{"image":"","repeat":"repeat","position_x":"left","position_y":"top"},"general-breadcrumbs_bg_color":"disabled","general-breadcrumbs_color":"#f3615a","general-content_boxes_bg_color":"rgba(247,247,247,1)","general-content_boxes_bg_opacity":100,"general-content_boxes_decoration":"none","general-content_boxes_decoration_outline_color":"rgba(0,0,0,0)","general-content_boxes_decoration_outline_opacity":0,"general-content_width":"1300px","general-custom_css":"\/*Phone number color in contacts on mobile devices*\/\r\n.dt-phone *,\r\n.dt-phone:hover *{\r\ncolor: inherit;\r\n}","general-custom_loader":"","general-favicon":"\/wp-content\/uploads\/sites\/43\/2020\/02\/the7-new-fav1.gif","general-favicon_hd":"\/wp-content\/uploads\/sites\/43\/2020\/02\/the7-new-fav-hd1.gif","general-filter-margin":"0px 3px 0px 3px","general-filter-margin-bottom":0,"general-filter-margin-left":3,"general-filter-margin-right":3,"general-filter-margin-top":0,"general-filter-padding":"8px 14px 7px 14px","general-filter-padding-bottom":7,"general-filter-padding-left":14,"general-filter-padding-right":14,"general-filter-padding-top":8,"general-filter_style":"minimal","general-filter_style-material-line_size":"2px","general-filter_style-minimal-border_radius":"1px","general-fullscreen_overlay_color":"rgba(255,255,255,1)","general-fullscreen_overlay_color_mode":"color","general-fullscreen_overlay_gradient":"135deg|#2edded 30%|#0084bb 100%","general-fullscreen_overlay_opacity":100,"general-handheld_icon-old_ipad":"","general-handheld_icon-old_iphone":"","general-handheld_icon-retina_ipad":"","general-handheld_icon-retina_iphone":"","general-images_lazy_loading":"1","general-layout":"wide","general-lightbox_arrow_size":"62px","general-lightbox_overlay_opacity":85,"general-loader_style":"square_jelly_box","general-navigation_margin":"50px","general-next_prev_in_album":"1","general-next_prev_in_blog":"1","general-next_prev_in_portfolio":"1","general-page-title-typography":{"font_family":"Roboto:700","font_size":54,"line_height":64,"text_transform":"none"},"general-page_content_bottom_margin":70,"general-page_content_margin":"70px 50px 70px 50px","general-page_content_mobile_margin":"70px 20px 70px 20px","general-page_content_top_margin":70,"general-portfolio_meta_author":"1","general-portfolio_meta_categories":"1","general-portfolio_meta_comments":"1","general-portfolio_meta_date":"1","general-portfolio_meta_on":"1","general-portfolio_thumbnail_proportions":{"width":2,"height":1},"general-portfolio_thumbnail_size":"resize","general-post_back_button_url":"\/agency\/","general-project_back_button_url":"\/agency\/","general-rel_posts_head_title":"Related Posts","general-rel_posts_max":6,"general-rel_projects_details":"1","general-rel_projects_excerpt":"1","general-rel_projects_fullwidth_height":210,"general-rel_projects_fullwidth_width":210,"general-rel_projects_fullwidth_width_style":"prop","general-rel_projects_head_title":"Related Projects","general-rel_projects_height":180,"general-rel_projects_info_author":"1","general-rel_projects_info_categories":"1","general-rel_projects_info_comments":"1","general-rel_projects_info_date":"1","general-rel_projects_link":"1","general-rel_projects_max":12,"general-rel_projects_title":"1","general-rel_projects_width":180,"general-rel_projects_width_style":"prop","general-rel_projects_zoom":"1","general-responsive":"1","general-responsive_title_height":"150px","general-responsive_title_line_height":44,"general-responsive_title_size":34,"general-show_author_in_blog":"1","general-show_back_button_in_album":"1","general-show_back_button_in_post":"1","general-show_back_button_in_project":"1","general-show_breadcrumbs":"1","general-show_rel_posts":"1","general-show_rel_projects":"0","general-show_titles":"1","general-slideshow_bullets_style":"accent","general-smooth_scroll":"off","general-spinner_color":"rgba(243,97,90,1)","general-spinner_opacity":100,"general-switch_content_paddings":"778px","general-title_align":"center","general-title_bg_color":"rgba(247,247,247,1)","general-title_bg_fullscreen":false,"general-title_bg_gradient":"90deg|#260633 30%|#ec615d 100%","general-title_bg_image":{"image":"","repeat":"repeat","position_x":"center","position_y":"center"},"general-title_bg_mode":"gradient","general-title_bg_opacity":100,"general-title_bg_overlay":false,"general-title_bg_overlay_opacity":50,"general-title_bg_parallax":"0","general-title_color":"#ffffff","general-title_decoration":"none","general-title_decoration_line_color":"rgba(51,51,51,0.11)","general-title_decoration_line_height":"5px","general-title_decoration_line_opacity":11,"general-title_decoration_line_style":"dashed","general-title_decoration_outline_color":"rgba(30,115,190,0)","general-title_decoration_outline_height":"1px","general-title_decoration_outline_opacity":0,"general-title_decoration_outline_style":"solid","general-title_dir_gradient":90,"general-title_enable_bg_img":"disabled","general-title_height":"300px","general-title_overlay_color":"rgba(0,0,0,0.5)","general-title_responsive_breadcrumbs":false,"general-title_scroll_effect":"default","general-titles-responsiveness-switch":"778px","general-titles_responsiveness":"1","header-background":"transparent","header-bg-color":"rgba(17,17,17,1)","header-bg-image":{"image":"","repeat":"repeat","position_x":"center","position_y":"center"},"header-bg-is_fixed":false,"header-bg-is_fullscreen":false,"header-bg-opacity":100,"header-classic-elements":{"top_bar_left":["custom_menu"],"top_bar_right":["search"],"near_menu_right":["social_icons"],"near_logo_right":["phone","email","working_hours"]},"header-classic-elements-near_logo-custom-icon-color":"","header-classic-elements-near_logo-custom-icon-size":16,"header-classic-elements-near_logo-font_color":"#888888","header-classic-elements-near_logo-typography":{"font_family":"Arial","font_size":"14"},"header-classic-elements-near_logo_left-padding":"0px 0px 0px 0px","header-classic-elements-near_logo_left-padding-bottom":0,"header-classic-elements-near_logo_left-padding-left":0,"header-classic-elements-near_logo_left-padding-right":0,"header-classic-elements-near_logo_left-padding-top":0,"header-classic-elements-near_logo_right-padding":"0px 0px 0px 0px","header-classic-elements-near_logo_right-padding-bottom":0,"header-classic-elements-near_logo_right-padding-left":0,"header-classic-elements-near_logo_right-padding-right":0,"header-classic-elements-near_logo_right-padding-top":0,"header-classic-elements-near_menu-custom-icon-color":"","header-classic-elements-near_menu-custom-icon-size":16,"header-classic-elements-near_menu-font_color":"#888888","header-classic-elements-near_menu-typography":{"font_family":"Arial","font_size":"14"},"header-classic-elements-near_menu_right-padding":"0px 0px 0px 40px","header-classic-elements-near_menu_right-padding-bottom":0,"header-classic-elements-near_menu_right-padding-left":40,"header-classic-elements-near_menu_right-padding-right":0,"header-classic-elements-near_menu_right-padding-top":0,"header-classic-height":"180px","header-classic-is_fullwidth":"0","header-classic-logo-position":"left","header-classic-menu-bg-color":"rgba(0,0,0,1)","header-classic-menu-bg-opacity":100,"header-classic-menu-bg-style":"solid","header-classic-menu-margin":"0px 0px","header-classic-menu-margin-bottom":0,"header-classic-menu-margin-top":0,"header-classic-menu-position":"left","header-classic-show_elements":"1","header-classic-side-padding":"30px 30px","header-decoration":"disabled","header-decoration-color":"rgba(51,51,51,0.11)","header-decoration-opacity":11,"header-elements-button-1-bg":"accent","header-elements-button-1-bg-color":"#ffffff","header-elements-button-1-bg-gradient":"135deg|#ffffff 30%|#000000 100%","header-elements-button-1-border-color":"accent","header-elements-button-1-border-color-mono":"#ffffff","header-elements-button-1-border_radius":"0px","header-elements-button-1-border_width":"1px","header-elements-button-1-choose-icon":"","header-elements-button-1-first-header-switch":"near_logo","header-elements-button-1-hover-bg":"accent","header-elements-button-1-hover-bg-color":"#ffffff","header-elements-button-1-hover-bg-gradient":"135deg|#ffffff 30%|#000000 100%","header-elements-button-1-hover-border-color":"accent","header-elements-button-1-hover-border-color-mono":"#ffffff","header-elements-button-1-hover-icon-color":"color","header-elements-button-1-hover-icon-color-gradient":"90deg|#ffffff 30%|#000000 100%","header-elements-button-1-hover-icon-color-mono":"#ffffff","header-elements-button-1-icon":false,"header-elements-button-1-icon-color":"color","header-elements-button-1-icon-color-gradient":"90deg|#ffffff 30%|#000000 100%","header-elements-button-1-icon-color-mono":"#ffffff","header-elements-button-1-icon-position":"right","header-elements-button-1-icon-size":14,"header-elements-button-1-name":"Button","header-elements-button-1-on-desktops":"show","header-elements-button-1-padding":"10px 20px 10px 20px","header-elements-button-1-second-header-switch":"in_menu","header-elements-button-1-smooth-scroll":false,"header-elements-button-1-target":false,"header-elements-button-1-typography":{"font_family":"Roboto:700","font_size":"14"},"header-elements-button-1-url":"","header-elements-button-2-bg":"accent","header-elements-button-2-bg-color":"#ffffff","header-elements-button-2-bg-gradient":"135deg|#ffffff 30%|#000000 100%","header-elements-button-2-border-color":"accent","header-elements-button-2-border-color-mono":"#ffffff","header-elements-button-2-border_radius":"0px","header-elements-button-2-border_width":"1px","header-elements-button-2-choose-icon":"","header-elements-button-2-first-header-switch":"near_logo","header-elements-button-2-hover-bg":"accent","header-elements-button-2-hover-bg-color":"#ffffff","header-elements-button-2-hover-bg-gradient":"135deg|#ffffff 30%|#000000 100%","header-elements-button-2-hover-border-color":"accent","header-elements-button-2-hover-border-color-mono":"#ffffff","header-elements-button-2-hover-icon-color":"color","header-elements-button-2-hover-icon-color-gradient":"90deg|#ffffff 30%|#000000 100%","header-elements-button-2-hover-icon-color-mono":"#ffffff","header-elements-button-2-icon":false,"header-elements-button-2-icon-color":"color","header-elements-button-2-icon-color-gradient":"90deg|#ffffff 30%|#000000 100%","header-elements-button-2-icon-color-mono":"#ffffff","header-elements-button-2-icon-position":"right","header-elements-button-2-icon-size":14,"header-elements-button-2-name":"Button","header-elements-button-2-on-desktops":"show","header-elements-button-2-padding":"10px 20px 10px 20px","header-elements-button-2-second-header-switch":"in_menu","header-elements-button-2-smooth-scroll":false,"header-elements-button-2-target":false,"header-elements-button-2-typography":{"font_family":"Roboto:700","font_size":"14"},"header-elements-button-2-url":"","header-elements-contact-address-caption":"8500 Beverly Boulevard Los Angeles, CA 90048","header-elements-contact-address-custom-icon":"the7-mw-icon-address-bold","header-elements-contact-address-first-header-switch":"near_logo","header-elements-contact-address-icon":"custom","header-elements-contact-address-on-desktops":"show","header-elements-contact-address-second-header-switch":"in_menu","header-elements-contact-address-url":"","header-elements-contact-clock-caption":"Monday \u2013 Friday 10 AM \u2013 8 PM","header-elements-contact-clock-custom-icon":"the7-mw-icon-clock-bold","header-elements-contact-clock-first-header-switch":"near_logo","header-elements-contact-clock-icon":"custom","header-elements-contact-clock-on-desktops":"show","header-elements-contact-clock-second-header-switch":"in_menu","header-elements-contact-clock-url":"","header-elements-contact-email-caption":"sales@yoursite.com","header-elements-contact-email-custom-icon":"the7-mw-icon-mail-bold","header-elements-contact-email-first-header-switch":"near_logo","header-elements-contact-email-icon":"custom","header-elements-contact-email-on-desktops":"show","header-elements-contact-email-second-header-switch":"in_menu","header-elements-contact-email-url":"","header-elements-contact-multipurpose_1-caption":"","header-elements-contact-multipurpose_1-custom-icon":"","header-elements-contact-multipurpose_1-first-header-switch":"near_logo","header-elements-contact-multipurpose_1-icon":"custom","header-elements-contact-multipurpose_1-on-desktops":"show","header-elements-contact-multipurpose_1-second-header-switch":"in_menu","header-elements-contact-multipurpose_1-url":"","header-elements-contact-multipurpose_2-caption":"","header-elements-contact-multipurpose_2-custom-icon":"","header-elements-contact-multipurpose_2-first-header-switch":"near_logo","header-elements-contact-multipurpose_2-icon":"custom","header-elements-contact-multipurpose_2-on-desktops":"show","header-elements-contact-multipurpose_2-second-header-switch":"in_menu","header-elements-contact-multipurpose_2-url":"","header-elements-contact-multipurpose_3-caption":"","header-elements-contact-multipurpose_3-custom-icon":"","header-elements-contact-multipurpose_3-first-header-switch":"near_logo","header-elements-contact-multipurpose_3-icon":"custom","header-elements-contact-multipurpose_3-on-desktops":"show","header-elements-contact-multipurpose_3-second-header-switch":"in_menu","header-elements-contact-multipurpose_3-url":"","header-elements-contact-multipurpose_4-caption":"","header-elements-contact-multipurpose_4-custom-icon":"","header-elements-contact-multipurpose_4-first-header-switch":"near_logo","header-elements-contact-multipurpose_4-icon":"custom","header-elements-contact-multipurpose_4-on-desktops":"show","header-elements-contact-multipurpose_4-second-header-switch":"in_menu","header-elements-contact-multipurpose_4-url":"","header-elements-contact-phone-caption":"011 322 44 56","header-elements-contact-phone-custom-icon":"the7-mw-icon-phone-bold","header-elements-contact-phone-first-header-switch":"near_logo","header-elements-contact-phone-icon":"custom","header-elements-contact-phone-on-desktops":"show","header-elements-contact-phone-second-header-switch":"in_menu","header-elements-contact-phone-url":"","header-elements-contact-skype-caption":"Your_Skype","header-elements-contact-skype-custom-icon":"the7-mw-icon-skype-bold","header-elements-contact-skype-first-header-switch":"near_logo","header-elements-contact-skype-icon":"custom","header-elements-contact-skype-on-desktops":"show","header-elements-contact-skype-second-header-switch":"in_menu","header-elements-contact-skype-url":"","header-elements-edd_cart-sub_cart-bg-color":"rgba(26,28,32,1)","header-elements-edd_cart-sub_cart-bg-width":280,"header-elements-edd_cart-sub_cart-font-color":"#ffffff","header-elements-login-caption":"Login","header-elements-login-custom-icon":"the7-mw-icon-login-bold","header-elements-login-first-header-switch":"near_logo","header-elements-login-icon":"custom","header-elements-login-logout_url":"","header-elements-login-on-desktops":"show","header-elements-login-second-header-switch":"in_menu","header-elements-login-url":"http:\/\/themeforest.net","header-elements-login-use_logout_url":false,"header-elements-logout-caption":"Logout","header-elements-menu-first-header-switch":"near_logo","header-elements-menu-icon":"custom","header-elements-menu-on-desktops":"show","header-elements-menu-second-header-switch":"hidden","header-elements-menu-style":"list","header-elements-menu-style-first-switch":"dropdown","header-elements-menu-style-second-switch":"dropdown","header-elements-menu2-first-header-switch":"near_logo","header-elements-menu2-icon":"custom","header-elements-menu2-on-desktops":"show","header-elements-menu2-second-header-switch":"in_menu","header-elements-menu2-style":"dropdown","header-elements-menu2-style-first-switch":"dropdown","header-elements-menu2-style-second-switch":"dropdown","header-elements-menu2_custom-icon":"the7-mw-icon-dropdown-menu-bold","header-elements-menu_custom-icon":"the7-mw-icon-dropdown-menu-bold","header-elements-near_logo-font_color":"#393940","header-elements-near_logo-font_family":"Open Sans:600","header-elements-near_logo-font_size":14,"header-elements-near_menu-font_color":"#81d742","header-elements-near_menu-font_family":"Roboto:700","header-elements-near_menu-font_size":13,"header-elements-search-by":"general","header-elements-search-caption":"","header-elements-search-first-header-switch":"near_logo","header-elements-search-icon":"custom","header-elements-search-input-caption":"Type and hit enter \u2026","header-elements-search-on-desktops":"show","header-elements-search-second-header-switch":"near_logo","header-elements-search_custom-icon":"the7-mw-icon-search-bold","header-elements-soc_icons":[{"icon":"facebook","url":"\/"},{"icon":"twitter","url":"\/"},{"icon":"dribbble","url":"\/"}],"header-elements-soc_icons-bg":"disabled","header-elements-soc_icons-bg-color":"rgba(255,255,255,0.3)","header-elements-soc_icons-bg-gradient":"135deg|#ffffff 30%|#000000 100%","header-elements-soc_icons-bg-hover-opacity":100,"header-elements-soc_icons-bg-opacity":30,"header-elements-soc_icons-bg-size":"28px","header-elements-soc_icons-border":"accent","header-elements-soc_icons-border-color":"rgba(255,255,255,1)","header-elements-soc_icons-border-opacity":100,"header-elements-soc_icons-color":"#f3615a","header-elements-soc_icons-first-header-switch":"near_logo","header-elements-soc_icons-hover-bg":"accent","header-elements-soc_icons-hover-bg-color":"rgba(21,191,230,1)","header-elements-soc_icons-hover-bg-gradient":"135deg|#ffffff 30%|#000000 100%","header-elements-soc_icons-hover-border":"accent","header-elements-soc_icons-hover-border-color":"rgba(255,255,255,1)","header-elements-soc_icons-hover-border-opacity":100,"header-elements-soc_icons-hover-color":"#ffffff","header-elements-soc_icons-on-desktops":"show","header-elements-soc_icons-second-header-switch":"near_logo","header-elements-soc_icons-size":"16px","header-elements-soc_icons_border_radius":"100px","header-elements-soc_icons_border_width":"2px","header-elements-soc_icons_gap":4,"header-elements-soc_icons_margin-bottom":"2px","header-elements-soc_icons_margin-left":"3px","header-elements-soc_icons_margin-right":"3px","header-elements-soc_icons_margin-top":"2px","header-elements-text":"Some call to action text goes here!","header-elements-text-2":"Some call to action text goes here!","header-elements-text-2-first-header-switch":"near_logo","header-elements-text-2-on-desktops":"show","header-elements-text-2-second-header-switch":"in_menu","header-elements-text-3":"Some call to action text goes here!","header-elements-text-3-first-header-switch":"near_logo","header-elements-text-3-on-desktops":"show","header-elements-text-3-second-header-switch":"in_menu","header-elements-text-4":"","header-elements-text-4-first-header-switch":"near_logo","header-elements-text-4-on-desktops":"show","header-elements-text-4-second-header-switch":"in_menu","header-elements-text-5":"","header-elements-text-5-first-header-switch":"near_logo","header-elements-text-5-on-desktops":"show","header-elements-text-5-second-header-switch":"in_menu","header-elements-text-first-header-switch":"near_logo","header-elements-text-on-desktops":"show","header-elements-text-second-header-switch":"in_menu","header-elements-woocommerce_cart-sub_cart-bg-color":"rgba(26,28,32,1)","header-elements-woocommerce_cart-sub_cart-bg-width":280,"header-elements-woocommerce_cart-sub_cart-font-color":"#ffffff","header-floating_navigation-active_item-font-color":"#ffffff","header-floating_navigation-active_item-font-gradient":"90deg|#ffffff 30%|#000000 100%","header-floating_navigation-bg-color":"rgba(0,0,0,0.91)","header-floating_navigation-bg-image":{"image":"","repeat":"repeat","position_x":"center","position_y":"center"},"header-floating_navigation-bg-is_fullscreen":false,"header-floating_navigation-bg-opacity":91,"header-floating_navigation-decoration":"disabled","header-floating_navigation-decoration-color":"rgba(255,255,255,0.15)","header-floating_navigation-decoration-opacity":15,"header-floating_navigation-font-active":"default","header-floating_navigation-font-color":"#ffffff","header-floating_navigation-font-hover":"default","header-floating_navigation-font-normal":"default","header-floating_navigation-height":"70px","header-floating_navigation-hover-font-color":"#ffffff","header-floating_navigation-hover-font-gradient":"90deg|#ffffff 30%|#000000 100%","header-floating_navigation-show_after":"94px","header-floating_navigation-style":"sticky","header-floating_navigation-top-bar":false,"header-inline-elements":{"near_menu_right":["social_icons"]},"header-inline-elements-near_menu-custom-icon-color":"","header-inline-elements-near_menu-custom-icon-size":16,"header-inline-elements-near_menu-font_color":"#81d742","header-inline-elements-near_menu-typography":{"font_family":"Roboto:700","font_size":"13"},"header-inline-elements-near_menu_right-padding":"0px 0px 0px 5px","header-inline-elements-near_menu_right-padding-bottom":0,"header-inline-elements-near_menu_right-padding-left":5,"header-inline-elements-near_menu_right-padding-right":20,"header-inline-elements-near_menu_right-padding-top":0,"header-inline-height":"70px","header-inline-is_fullwidth":"1","header-inline-menu-position":"center","header-inline-show_elements":"1","header-inline-side-padding":"20px 20px","header-layout":"inline","header-logo-padding":"0px 50px 0px 0px","header-logo-padding-bottom":0,"header-logo-padding-left":20,"header-logo-padding-right":50,"header-logo-padding-top":0,"header-logo_hd":["\/wp-content\/uploads\/sites\/43\/2017\/10\/logo-header-hd.png",576],"header-logo_regular":["\/wp-content\/uploads\/sites\/43\/2017\/10\/logo-header.png",577],"header-mega-menu-desc-font-color":"#ffffff","header-mega-menu-desc-typography":{"font_family":"Roboto","font_size":13},"header-mega-menu-title-active_item-font-color-style":"accent","header-mega-menu-title-font-color":"#ffffff","header-mega-menu-title-hover-font-color-style":"accent","header-mega-menu-title-icon-size":16,"header-mega-menu-title-typography":{"font_family":"Roboto:700","font_size":16,"text_transform":"none"},"header-mega-menu-widget-accent-color":"","header-mega-menu-widget-font-color":"#ffffff","header-mega-menu-widget-title-color":"#ffffff","header-menu-active_item-font-color":"#ffffff","header-menu-active_item-font-color-style":"color","header-menu-active_item-font-gradient":"90deg|#ffffff 30%|#000000 100%","header-menu-decoration-other-active-color":"rgba(255,255,255,0.15)","header-menu-decoration-other-active-color-style":"accent","header-menu-decoration-other-active-gradient":"135deg|rgba(255,255,255,0.15) 30%|rgba(0,0,0,0.15) 100%","header-menu-decoration-other-active-line":"0","header-menu-decoration-other-active-line-color":"rgba(130,36,227,0.3)","header-menu-decoration-other-active-line-color-style":"color","header-menu-decoration-other-active-line-gradient":"135deg|rgba(221,51,51,0.3) 30%|rgba(129,215,66,0.3) 100%","header-menu-decoration-other-active-line-opacity":30,"header-menu-decoration-other-active-opacity":15,"header-menu-decoration-other-active-style":"background","header-menu-decoration-other-border-radius":3,"header-menu-decoration-other-click_decor":"1","header-menu-decoration-other-click_decor-color":"rgba(255,255,255,0.2)","header-menu-decoration-other-click_decor-color-style":"accent","header-menu-decoration-other-click_decor-gradient":"135deg|rgba(255,255,255,0.2) 30%|rgba(0,0,0,0.2) 100%","header-menu-decoration-other-click_decor-opacity":20,"header-menu-decoration-other-hover-color":"rgba(255,255,255,0.15)","header-menu-decoration-other-hover-color-style":"accent","header-menu-decoration-other-hover-gradient":"135deg|rgba(255,255,255,0.15) 30%|rgba(0,0,0,0.15) 100%","header-menu-decoration-other-hover-line":"0","header-menu-decoration-other-hover-line-color":"rgba(221,51,51,0.23)","header-menu-decoration-other-hover-line-color-style":"gradient","header-menu-decoration-other-hover-line-gradient":"135deg|rgba(255,255,255,0.23) 30%|rgba(0,0,0,0.23) 100%","header-menu-decoration-other-hover-line-opacity":23,"header-menu-decoration-other-hover-style":"background","header-menu-decoration-other-line_size":"2px","header-menu-decoration-other-links-is_justified":"1","header-menu-decoration-other-opacity":15,"header-menu-decoration-style":"underline","header-menu-decoration-underline-color":"#1e73be","header-menu-decoration-underline-color-style":"accent","header-menu-decoration-underline-direction":"upwards","header-menu-decoration-underline-gradient":"135deg|#ffffff 30%|#000000 100%","header-menu-decoration-underline-line_size":"2px","header-menu-dividers-color":"rgba(17,17,17,0.14)","header-menu-dividers-height":"24px","header-menu-dividers-height-style":"custom","header-menu-dividers-opacity":14,"header-menu-dividers-surround":"0","header-menu-font-color":"#ffffff","header-menu-hover-font-color":"#ffffff","header-menu-hover-font-color-style":"color","header-menu-hover-font-gradient":"90deg|#8224e3 30%|#751257 100%","header-menu-icon-size":14,"header-menu-item-margin":"18px 14px 18px 14px","header-menu-item-margin-bottom":18,"header-menu-item-margin-left":14,"header-menu-item-margin-right":14,"header-menu-item-margin-top":18,"header-menu-item-padding":"4px 4px 4px 4px","header-menu-item-padding-bottom":4,"header-menu-item-padding-left":4,"header-menu-item-padding-right":4,"header-menu-item-padding-top":4,"header-menu-item-surround_margins-custom-margin":"30px","header-menu-item-surround_margins-style":"disabled","header-menu-show_dividers":"0","header-menu-show_next_lvl_icons":false,"header-menu-submenu-active-bg-color":"rgba(137,92,184,0.07)","header-menu-submenu-active-bg-color-style":"accent","header-menu-submenu-active-bg-gradient":"90deg|#81d742 30%|#eeee22 100%","header-menu-submenu-active-bg-opacity":7,"header-menu-submenu-active-font-color":"#ffffff","header-menu-submenu-active-font-color-style":"accent","header-menu-submenu-active-font-gradient":"90deg|#ffffff 30%|#000000 100%","header-menu-submenu-bg-color":"rgba(26,28,32,1)","header-menu-submenu-bg-hover":"background","header-menu-submenu-bg-opacity":100,"header-menu-submenu-bg-padding":"10px 10px 10px 10px","header-menu-submenu-bg-width":"280px","header-menu-submenu-font-color":"#ffffff","header-menu-submenu-hover-bg-color":"rgba(137,92,184,0.07)","header-menu-submenu-hover-bg-color-style":"accent","header-menu-submenu-hover-bg-gradient":"90deg|#81d742 30%|#eeee22 100%","header-menu-submenu-hover-bg-opacity":7,"header-menu-submenu-hover-font-color":"#895cb8","header-menu-submenu-hover-font-color-style":"accent","header-menu-submenu-hover-font-gradient":"90deg|#81d742 30%|#eeee22 100%","header-menu-submenu-icon-size":14,"header-menu-submenu-item-margin":"0px 0px 0px 0px","header-menu-submenu-item-margin-bottom":0,"header-menu-submenu-item-margin-left":0,"header-menu-submenu-item-margin-right":0,"header-menu-submenu-item-margin-top":0,"header-menu-submenu-item-padding":"10px 10px 10px 10px","header-menu-submenu-item-padding-bottom":10,"header-menu-submenu-item-padding-left":10,"header-menu-submenu-item-padding-right":10,"header-menu-submenu-item-padding-top":10,"header-menu-submenu-parent_is_clickable":"1","header-menu-submenu-show_next_lvl_icons":"1","header-menu-submenu-subtitle-typography":{"font_family":"Arial:400italic","font_size":"10"},"header-menu-submenu-typography":{"font_family":"Roboto:500","font_size":"13","text_transform":"none"},"header-menu-subtitle-typography":{"font_family":"Arial:400italic","font_size":"11"},"header-menu-typography":{"font_family":"Roboto:700","font_size":"18","text_transform":"none"},"header-menu_close_icon-margin":"30px 30px 30px 30px","header-menu_icon-bg-border-radius":"0px","header-menu_icon-bg-color":"rgba(255,255,255,0.75)","header-menu_icon-bg-opacity":75,"header-menu_icon-color":"#000000","header-menu_icon-elements":[],"header-menu_icon-elements-below_menu-padding":"0px 0px 0px 0px","header-menu_icon-elements-near_menu-custom-icon-color":"","header-menu_icon-elements-near_menu-custom-icon-size":16,"header-menu_icon-elements-near_menu-font_color":"#888888","header-menu_icon-elements-near_menu-typography":{"font_family":"Arial","font_size":"14"},"header-menu_icon-hover-bg-color":"rgba(255,255,255,0.75)","header-menu_icon-hover-bg-opacity":75,"header-menu_icon-margin":"0px 0px 0px 0px","header-menu_icon-margin-bottom":0,"header-menu_icon-margin-left":0,"header-menu_icon-margin-right":0,"header-menu_icon-margin-top":0,"header-menu_icon-show_elements":"0","header-menu_icon-size":"medium","header-mixed-bg-color":"rgba(255,255,255,1)","header-mixed-bg-opacity":100,"header-mixed-decoration":"shadow","header-mixed-decoration-color":"rgba(221,153,51,1)","header-mixed-decoration-opacity":100,"header-mixed-floating-top-bar":false,"header-mixed-sticky-bg-color":"#000000","header-mobile-first_switch-after":"1200px","header-mobile-first_switch-height":"70px","header-mobile-first_switch-layout":"right_left","header-mobile-first_switch-logo":"desktop","header-mobile-first_switch-side-padding":"20px 20px","header-mobile-floating_navigation":"sticky","header-mobile-header-bg-color":"rgba(17,17,17,1)","header-mobile-menu-align":"right","header-mobile-menu-bg-color":"rgba(255,255,255,1)","header-mobile-menu-bg-opacity":100,"header-mobile-menu-bg-width":"300px","header-mobile-menu-font-color":"#333333","header-mobile-menu-font-hover-color":"#3c3e45","header-mobile-menu-font-hover-color-style":"accent","header-mobile-menu-font-hover-gradient":"90deg|#b78ce2 30%|#1e73be 100%","header-mobile-menu-typography":{"font_family":"Roboto:700","font_size":"16","text_transform":"none"},"header-mobile-menu_icon-bg-border-radius":"0px","header-mobile-menu_icon-bg-color":"rgba(17,17,17,0)","header-mobile-menu_icon-bg-enable":"1","header-mobile-menu_icon-color":"#ffffff","header-mobile-menu_icon-size":"small","header-mobile-microwidgets-custom-icon-color":"","header-mobile-microwidgets-custom-icon-size":16,"header-mobile-microwidgets-font-color":"#ffffff","header-mobile-microwidgets-typography":{"font_family":"Roboto:700","font_size":"13"},"header-mobile-overlay-bg-color":"rgba(17,17,17,0.5)","header-mobile-second_switch-after":"1200px","header-mobile-second_switch-height":"70px","header-mobile-second_switch-layout":"right_left","header-mobile-second_switch-logo":"desktop","header-mobile-second_switch-side-padding":"20px 20px","header-mobile-submenu-typography":{"font_family":"Roboto:500","font_size":"13","text_transform":"none"},"header-overlay-content-padding":"0px 0px 0px 0px","header-overlay-content-padding-bottom":0,"header-overlay-content-padding-left":0,"header-overlay-content-padding-right":0,"header-overlay-content-padding-top":0,"header-overlay-content-position":"center","header-overlay-content-width":"300px","header-overlay-elements":{"below_menu":["social_icons","phone"]},"header-overlay-elements-below_menu-padding":"0px 0px 0px 0px","header-overlay-elements-below_menu-padding-bottom":0,"header-overlay-elements-below_menu-padding-left":0,"header-overlay-elements-below_menu-padding-right":0,"header-overlay-elements-below_menu-padding-top":0,"header-overlay-elements-top_line-padding":"0px 40px 0px 40px","header-overlay-elements-top_line-padding-bottom":0,"header-overlay-elements-top_line-padding-left":40,"header-overlay-elements-top_line-padding-right":40,"header-overlay-elements-top_line-padding-top":0,"header-overlay-icons_style":"light","header-overlay-layout":"menu_icon","header-overlay-layout-menu_icon-show_floating_logo":"1","header-overlay-layout-side_line-width":60,"header-overlay-layout-top_line-height":130,"header-overlay-layout-top_line-is_fullwidth":"0","header-overlay-layout-top_line-logo-position":"left","header-overlay-logo-position":"fully_inside","header-overlay-menu-items_alignment":"center","header-overlay-menu-items_link":"fullwidth","header-overlay-menu-padding":"40px 40px","header-overlay-menu-padding-bottom":40,"header-overlay-menu-padding-top":40,"header-overlay-menu-position":"v_center","header-overlay-show_elements":"1","header-show_floating_navigation":"1","header-side-content-padding":"50px 0px 40px 0px","header-side-content-padding-bottom":40,"header-side-content-padding-left":0,"header-side-content-padding-right":0,"header-side-content-padding-top":50,"header-side-content-position":"center","header-side-content-width":"300px","header-side-elements":{"below_menu":["phone","social_icons"]},"header-side-elements-below_menu-padding":"0px 35px 0px 35px","header-side-elements-below_menu-padding-bottom":0,"header-side-elements-below_menu-padding-left":35,"header-side-elements-below_menu-padding-right":35,"header-side-elements-below_menu-padding-top":0,"header-side-elements-near_menu-custom-icon-color":"","header-side-elements-near_menu-custom-icon-size":16,"header-side-elements-near_menu-font_color":"#888888","header-side-elements-near_menu-typography":{"font_family":"Arial","font_size":"14"},"header-side-logo-position":"inside","header-side-menu-items_alignment":"center","header-side-menu-items_link":"fullwidth","header-side-menu-padding":"50px 50px","header-side-menu-padding-bottom":50,"header-side-menu-padding-top":50,"header-side-menu-position":"v_top","header-side-menu-submenu-position":"down","header-side-position":"right","header-side-show_elements":"1","header-side-width":"300px","header-side_line-elements":[],"header-side_line-elements-below_menu-padding":"0px 0px 0px 0px","header-side_line-elements-near_menu-custom-icon-color":"","header-side_line-elements-near_menu-custom-icon-size":16,"header-side_line-elements-near_menu-font_color":"#888888","header-side_line-elements-near_menu-typography":{"font_family":"Arial","font_size":"14"},"header-side_line-show_elements":"0","header-side_line-width":"60px","header-slide_out-content-padding":"50px 0px 50px 0px","header-slide_out-content-padding-bottom":50,"header-slide_out-content-padding-left":0,"header-slide_out-content-padding-right":0,"header-slide_out-content-padding-top":50,"header-slide_out-content-position":"center","header-slide_out-content-width":"350px","header-slide_out-elements":{"side_top_line":["phone","social_icons"]},"header-slide_out-elements-below_menu-padding":"0px 0px 0px 0px","header-slide_out-elements-below_menu-padding-bottom":0,"header-slide_out-elements-below_menu-padding-left":0,"header-slide_out-elements-below_menu-padding-right":0,"header-slide_out-elements-below_menu-padding-top":0,"header-slide_out-elements-top_line-padding":"0px 40px 0px 40px","header-slide_out-elements-top_line-padding-bottom":0,"header-slide_out-elements-top_line-padding-left":40,"header-slide_out-elements-top_line-padding-right":40,"header-slide_out-elements-top_line-padding-top":0,"header-slide_out-icons_style":"light","header-slide_out-layout":"menu_icon","header-slide_out-layout-menu_icon-show_floating_logo":"1","header-slide_out-layout-side_line-position":"under","header-slide_out-layout-side_line-width":60,"header-slide_out-layout-top_line-height":90,"header-slide_out-layout-top_line-is_fullwidth":"1","header-slide_out-layout-top_line-logo-position":"left","header-slide_out-logo-position":"fully_inside","header-slide_out-menu-items_alignment":"center","header-slide_out-menu-items_link":"fullwidth","header-slide_out-menu-padding":"40px 40px","header-slide_out-menu-padding-bottom":40,"header-slide_out-menu-padding-top":40,"header-slide_out-menu-position":"v_top","header-slide_out-overlay-animation":"fade","header-slide_out-overlay-bg-color":"rgba(0,0,0,0.2)","header-slide_out-overlay-bg-color-style":"color","header-slide_out-overlay-bg-gradient":"135deg|rgba(205,183,226,0.2) 30%|rgba(130,20,130,0.2) 100%","header-slide_out-overlay-bg-opacity":20,"header-slide_out-overlay-blur":"0","header-slide_out-overlay-x_cursor":"1","header-slide_out-overlay-x_cursor-color":"rgba(255,255,255,1)","header-slide_out-overlay-x_cursor-opacity":100,"header-slide_out-position":"left","header-slide_out-show_elements":"1","header-slide_out-width":"400px","header-split-elements":{"near_menu_left":["search"]},"header-split-elements-near_menu-custom-icon-color":"","header-split-elements-near_menu-custom-icon-size":16,"header-split-elements-near_menu-font_color":"#888888","header-split-elements-near_menu-typography":{"font_family":"Arial","font_size":"14"},"header-split-elements-near_menu_left-padding":"0px 20px 0px 20px","header-split-elements-near_menu_left-padding-bottom":0,"header-split-elements-near_menu_left-padding-left":20,"header-split-elements-near_menu_left-padding-right":20,"header-split-elements-near_menu_left-padding-top":0,"header-split-elements-near_menu_right-padding":"0px 20px 0px 20px","header-split-elements-near_menu_right-padding-bottom":0,"header-split-elements-near_menu_right-padding-left":20,"header-split-elements-near_menu_right-padding-right":20,"header-split-elements-near_menu_right-padding-top":0,"header-split-height":"100px","header-split-is_fullwidth":"0","header-split-menu-position":"outside","header-split-show_elements":"1","header-split-side-padding":"30px 30px","header-style-floating-choose_logo":"main","header-style-floating-logo-padding":"0px 50px 0px 0px","header-style-floating-logo-padding-bottom":0,"header-style-floating-logo-padding-left":20,"header-style-floating-logo-padding-right":50,"header-style-floating-logo-padding-top":0,"header-style-floating-logo_hd":["",0],"header-style-floating-logo_regular":["",0],"header-style-mixed-logo-padding":"0px 0px 0px 0px","header-style-mixed-logo-padding-bottom":0,"header-style-mixed-logo-padding-left":0,"header-style-mixed-logo-padding-right":0,"header-style-mixed-logo-padding-top":0,"header-style-mixed-logo_hd":["",0],"header-style-mixed-logo_regular":["",0],"header-style-mixed-top_line-floating-choose_logo":"main","header-style-mixed-top_line-floating-logo-padding":"0px 0px 0px 0px","header-style-mixed-top_line-floating-logo_hd":["",0],"header-style-mixed-top_line-floating-logo_regular":["",0],"header-style-mobile-logo-padding":"0px 0px 0px 0px","header-style-mobile-logo-padding-bottom":0,"header-style-mobile-logo-padding-left":0,"header-style-mobile-logo-padding-right":0,"header-style-mobile-logo-padding-top":0,"header-style-mobile-logo_hd":["",0],"header-style-mobile-logo_regular":["",0],"header-style-transparent-choose_logo":"main","header-style-transparent-logo-padding":"0px 50px 0px 0px","header-style-transparent-logo-padding-bottom":0,"header-style-transparent-logo-padding-left":20,"header-style-transparent-logo-padding-right":50,"header-style-transparent-logo-padding-top":0,"header-style-transparent-logo_hd":["",0],"header-style-transparent-logo_regular":["",0],"header-style-transparent-mobile-logo-padding":"0px 0px 0px 0px","header-style-transparent-mobile-logo_hd":["",0],"header-style-transparent-mobile-logo_regular":["",0],"header-top_line-elements":[],"header-top_line-elements-below_menu-padding":"0px 0px 0px 0px","header-top_line-elements-in_top_line-custom-icon-color":"","header-top_line-elements-in_top_line-custom-icon-size":16,"header-top_line-elements-in_top_line-font_color":"#888888","header-top_line-elements-in_top_line-font_family":"Arial","header-top_line-elements-in_top_line-font_size":14,"header-top_line-elements-in_top_line-typography":{"font_family":"Arial","font_size":"14"},"header-top_line-elements-near_menu-custom-icon-color":"","header-top_line-elements-near_menu-custom-icon-size":16,"header-top_line-elements-near_menu-font_color":"#888888","header-top_line-elements-near_menu-typography":{"font_family":"Arial","font_size":"14"},"header-top_line-elements-top_line-padding":"0px 0px 0px 0px","header-top_line-elements-top_line_right-padding":"0px 0px 0px 0px","header-top_line-show_elements":"0","header-top_line-side-padding":"30px 30px","header-transparent-mobile-first_switch-logo":"desktop","header-transparent-mobile-second_switch-logo":"desktop","header-transparent_bg_color":"rgba(0,0,0,0.3)","header-transparent_bg_opacity":30,"header_navigation":"slide_out","image_hover-album_miniatures_style":"style_2","image_hover-color":"rgba(12,162,224,0.35)","image_hover-color_gradient":"135deg|rgba(38,6,51,0.35) 30%|rgba(236,97,93,0.35) 100%","image_hover-color_mode":"gradient","image_hover-default_icon":"none","image_hover-onclick_animation":false,"image_hover-opacity":35,"image_hover-project_icons_style":"outline","image_hover-project_rollover_color":"rgba(0,0,0,0.8)","image_hover-project_rollover_color_gradient":"135deg|rgba(38,6,51,0.8) 30%|rgba(236,97,93,0.8) 100%","image_hover-project_rollover_color_mode":"gradient","image_hover-project_rollover_opacity":80,"image_hover-style":"none","input_bg_color":"rgba(253,253,253,1)","input_bg_opacity":100,"input_border_color":"rgba(51,51,51,0.1)","input_border_opacity":10,"input_border_radius":"1px","input_border_width":"2px 2px 2px 2px","input_color":"#8b8d94","input_height":"40px","layout-menu_icon-position":"menu_icon_right","layout-menu_icon-show_floating_logo":"1","layout-side_line-position":"above","layout-side_line-v_position":"left","layout-top_line-height":"130px","layout-top_line-is_fullwidth":"0","layout-top_line-is_sticky":"0","layout-top_line-logo-position":"left","menu-mobile-microwidgets-custom-icon-color":"","menu-mobile-microwidgets-custom-icon-size":16,"menu-mobile-microwidgets-font-color":"#333333","menu-mobile-microwidgets-typography":{"font_family":"Roboto:500","font_size":"13"},"message_bg_color":"","message_bg_opacity":100,"message_color":"#ffffff","microwidgets-search-active-width":"200px","microwidgets-search-height":"34px","microwidgets-search-typography":{"font_family":"Roboto","font_size":"14"},"microwidgets-search-width":"200px","microwidgets-search_bg-border-color":"#e2e2e2","microwidgets-search_bg-color":"#f4f4f4","microwidgets-search_bg_border_radius":"0px","microwidgets-search_bg_border_width":"0px","microwidgets-search_custom-icon":"the7-mw-icon-search-bold","microwidgets-search_font-color":"#aaaaaa","microwidgets-search_icon":"custom","microwidgets-search_icon-size":16,"microwidgets-search_input-padding":"12px 12px","microwidgets-search_overlay-bg":"color","microwidgets-search_overlay-bg-color":"rgba(0,0,0,0.9)","microwidgets-search_overlay-bg-gradient":"135deg|#ffffff 30%|#000000 100%","microwidgets-search_style":"popup","modules-albums-status":"enabled","modules-benefits-status":"enabled","modules-logos-status":"enabled","modules-portfolio-status":"enabled","modules-slideshow-status":"enabled","modules-team-status":"enabled","modules-testimonials-status":"enabled","page_title-background-style-transparent-color_scheme":"from_options","page_title-padding":"55px 50px","page_title-padding-bottom":"50px","page_title-padding-top":"55px","post-show_fancy_categories":"1","post-show_fancy_date":"1","sidebar-bg_color":"rgba(247,247,248,1)","sidebar-bg_image":{"image":"","repeat":"repeat","position_x":"center","position_y":"center"},"sidebar-bg_opacity":100,"sidebar-decoration":"none","sidebar-decoration_outline_color":"rgba(0,0,0,0.06)","sidebar-decoration_outline_opacity":6,"sidebar-distance_to_content":"50px","sidebar-divider-horizontal":"0","sidebar-divider-vertical":"1","sidebar-headers_color":"#333333","sidebar-primary_text_color":"#85868c","sidebar-responsiveness":"990px","sidebar-vertical_distance":"60px","sidebar-visual_style":"with_dividers","sidebar-width":"350px","social_buttons-page":[],"social_buttons-page-button_title":"Share this page","social_buttons-photo":[],"social_buttons-photo-button_title":"Share this image","social_buttons-portfolio_post":["facebook","twitter","google+","linkedin","pinterest","whatsapp"],"social_buttons-portfolio_post-button_title":"Share this post","social_buttons-post":["facebook","twitter","google+","pinterest","whatsapp","linkedin"],"social_buttons-post-button_title":"Share this post","social_buttons-visibility":"allways","stripes-stripe_1_bg_image":{"image":"","repeat":"repeat","position_x":"center","position_y":"center"},"stripes-stripe_1_color":"#f8f8f9","stripes-stripe_1_content_boxes_bg_color":"#ffffff","stripes-stripe_1_content_boxes_bg_opacity":100,"stripes-stripe_1_content_boxes_decoration":"none","stripes-stripe_1_content_boxes_decoration_outline_color":"#dd3333","stripes-stripe_1_content_boxes_decoration_outline_opacity":100,"stripes-stripe_1_headers_color":"#3b3f4a","stripes-stripe_1_outline":"hide","stripes-stripe_1_outline_color":"#44bb70","stripes-stripe_1_outline_opacity":100,"stripes-stripe_1_text_color":"#787d85","stripes-stripe_2_bg_image":{"image":"","repeat":"repeat","position_x":"center","position_y":"center"},"stripes-stripe_2_color":"#23262d","stripes-stripe_2_content_boxes_bg_color":"#ffffff","stripes-stripe_2_content_boxes_bg_opacity":10,"stripes-stripe_2_content_boxes_decoration":"none","stripes-stripe_2_content_boxes_decoration_outline_color":"#ffffff","stripes-stripe_2_content_boxes_decoration_outline_opacity":15,"stripes-stripe_2_headers_color":"#ffffff","stripes-stripe_2_outline":"hide","stripes-stripe_2_outline_color":"#ffffff","stripes-stripe_2_outline_opacity":15,"stripes-stripe_2_text_color":"#8b9199","stripes-stripe_3_bg_image":{"image":"https:\/\/the7.io\/agency\/inc\/presets\/images\/full\/skin22.stripes-stripe-3-bg-image.jpg","repeat":"repeat","position_x":"center","position_y":"center"},"stripes-stripe_3_color":"#000000","stripes-stripe_3_content_boxes_bg_color":"#ffffff","stripes-stripe_3_content_boxes_bg_opacity":10,"stripes-stripe_3_content_boxes_decoration":"none","stripes-stripe_3_content_boxes_decoration_outline_color":"#ffffff","stripes-stripe_3_content_boxes_decoration_outline_opacity":19,"stripes-stripe_3_headers_color":"#ffffff","stripes-stripe_3_outline":"hide","stripes-stripe_3_outline_color":"#252728","stripes-stripe_3_outline_opacity":100,"stripes-stripe_3_text_color":"#ffffff","top-bar-height":"0px","top-bar-transparent_bg_color":"rgba(255,255,255,0)","top_bar-bg-color":"rgba(17,17,17,0)","top_bar-bg-image":{"image":"","repeat":"repeat","position_x":"center","position_y":"center"},"top_bar-bg-opacity":12,"top_bar-bg-style":"content_line","top_bar-custom-icon-color":"","top_bar-custom-icon-size":16,"top_bar-font-color":"#b2b3b9","top_bar-line-color":"rgba(51,51,51,0.12)","top_bar-line-in-transparent-header":false,"top_bar-line_size":"1px","top_bar-line_style":"solid","top_bar-padding":"5px 20px 5px 20px","top_bar-paddings-bottom":5,"top_bar-paddings-horizontal":0,"top_bar-paddings-top":5,"top_bar-switch_paddings":"1200px","top_bar-typography":{"font_family":"Roboto:500","font_size":"13","text_transform":"none"},"top_bar_mobile_paddings":"5px 20px 5px 20px","widgetareas":{"1":{"sidebar_name":"Default Sidebar","sidebar_desc":"Sidebar primary widget area"},"2":{"sidebar_name":"Default Footer","sidebar_desc":"Footer primary widget area"}},"header-mobile-menu_icon-caption-padding":"4px 1px 4px 1px","header-mobile-menu_icon-color-hover":"#ffffff","header-mobile-menu_icon-caption_color":"#ffffff","header-mobile-menu_icon-caption_color-hover":"#ffffff","header-mobile-menu_icon-bg-color-hover":"rgba(17,17,17,0)","header-mobile-menu-dividers-color":"rgba(51,51,51,0.12)","header-menu_icon-caption-padding":"18px 15px 18px 15px","header-menu_close_icon-padding":"15px 15px 15px 15px","header-menu-close_icon-size":"fade_medium","header-menu_icon-color-hover":"#000000","header-menu_icon-caption_color":"#000000","header-menu_icon-caption_color-hover":"#000000","header-menu_icon-bg-color-hover":"rgba(255,255,255,0.75)","header-menu_close_icon-caption_color":"#000000","header-menu_close_icon-caption_color-hover":"#000000","header-menu_close_icon-hover-color":"#000000","header-menu_close_icon-color":"#000000","header-menu_close_icon-bg-color":"rgba(255,255,255,0.75)","header-menu_close_icon-bg-border-radius":"0px","header-mobile-menu_icon-bg-hover":"1","header-mobile-floating-bg-color":"rgba(17,17,17,1)","fonts-widget-title":{"font_family":"Roboto:700","text_transform":"none","responsive_font_size":{"desktop":"16px"},"responsive_line_height":{"desktop":"26px"}},"fonts-woo-title":{"font_family":"Roboto:700","text_transform":"none","responsive_font_size":{"desktop":"16px"},"responsive_line_height":{"desktop":"26px"}},"fonts-woo-content":{"font_family":"Roboto","responsive_font_size":{"desktop":"16px"},"responsive_line_height":{"desktop":"28px"}},"fonts-widget-content":{"font_family":"Roboto","responsive_font_size":{"desktop":"14px"},"responsive_line_height":{"desktop":"25px"}},"header-elements-woocommerce_cart-font-content":{"font_family":"Roboto","responsive_font_size":{"desktop":"14px"},"responsive_line_height":{"desktop":"25px"}},"buttons-s-custom-icon-size":1,"buttons-m-custom-icon-size":1,"buttons-l-custom-icon-size":1,"buttons-lg-custom-icon-size":1,"buttons-xl-custom-icon-size":1,"button-shadow":{"color":"rgba(0, 0, 0, 0)","horizontal":"0","vertical":"0","blur":"10","spread":"0","position":"outline"},"button-shadow-hover":{"color":"rgba(0, 0, 0, 0)","horizontal":"0","vertical":"0","blur":"10","spread":"0","position":"outline"}},"the7_dashboard_settings":{"settings-preset":"custom","mega-menu":false,"elementor-buttons-integration":false,"elementor-theme-style":false,"elementor-zero-paragraph-last-spacing":false,"the7-icons-for-elementor":true,"legacy-elementor-theme-features":true,"deprecated_mega_menu_settings":true,"portfolio":true,"portfolio-breadcrumbs-text":"","testimonials":true,"team":true,"logos":false,"benefits":false,"albums":false,"slideshow":false},"wp_settings":{"show_on_front":"page","page_on_front":"2","page_for_posts":"0"},"widgets_settings":{"widget_search":{"2":{"title":""},"_multiwidget":1},"widget_text":{"1":[],"_multiwidget":1},"widget_rss":{"1":[],"_multiwidget":1},"widget_presscore-contact-info-widget":{"2":{"title":"Contact Info","text":"","links":{"facebook":"#","twitter":"#","dribbble":"#","you-tube":"#"},"fields":[{"title":"Phone number:","content":"001 234 56 78"},{"title":"Address:","content":"SoHo 94 Broadway St New York, NY 1001"},{"title":"Mail:","content":"hello@dream-theme.com"},{"title":"Business hours:","content":"Mon. - Fri. 10:00 - 19:00"}]},"_multiwidget":1},"widget_presscore-custom-menu-one":{"3":{"title":"","menu":"2","divider":false,"bold_text":true,"show_arrow":true},"_multiwidget":1},"widget_presscore-blog-posts":{"2":{"title":"Recent posts","order":"DESC","orderby":"date","show":6,"select":"all","cats":[],"thumbnails":1,"round_images":1,"show_excerpts":0,"images_dimensions":{"w":40,"h":40}},"_multiwidget":1},"widget_presscore-contact-form-widget":{"2":{"title":"Any questions? Get in touch!","text":"","fields":{"name":{"on":true,"required":true},"email":{"on":true,"required":true},"telephone":{"on":true,"required":false},"country":{"on":false,"required":false},"city":{"on":false,"required":false},"company":{"on":false,"required":false},"website":{"on":false,"required":false},"message":{"on":true,"required":false}},"send_to":"Send Message!","msg_height":3,"button_size":"m","button_title":""},"_multiwidget":1},"widget_presscore-portfolio":{"2":{"title":"Recent projects","order":"DESC","orderby":"date","select":"all","show":6,"cats":[],"max_width":150},"_multiwidget":1},"sidebars_widgets":{"wp_inactive_widgets":["9022"],"sidebar_1":["search-2","presscore-blog-posts-2","presscore-portfolio-2"],"sidebar_2":["presscore-custom-menu-one-3","presscore-contact-info-widget-2","presscore-contact-form-widget-2"],"array_version":3}},"nav_menu_locations":{"primary":6},"ultimate_selected_google_fonts":[],"ultimate_icon_fonts":{"icomoon-font-awesome-14x14":{"include":"smile_fonts\/icomoon-font-awesome-14x14","folder":"smile_fonts\/icomoon-font-awesome-14x14","style":"icomoon-font-awesome-14x14\/icomoon-font-awesome-14x14.css","config":"charmap.php"}},"the7_fontawesome_version":"fa5","the7_core_post_types_builder":{"post_types":[],"taxonomies":[]},"revolution_sliders":["the7-agency"],"vc_settings":{"use_custom":"1","vc_color":"#f7f7f7","vc_color_hover":"#F0F0F0","vc_color_call_to_action_bg":"","vc_color_google_maps_bg":"","vc_color_post_slider_caption_bg":"","vc_color_progress_bar_bg":"","vc_color_separator_border":"","vc_color_tab_bg":"","vc_color_tab_bg_active":"","margin":"0px","gutter":"50","responsive_max":"778"}}