{"schema":{"folders":{"ultimate_icon_fonts":"Ultimate_VC_Addons\/icon-fonts"}},"theme_options":{"advanced-normalize_resize_on_mobile":"1","advanced-speed_img_resize":"1","blog-fancy_date-style":"vertical","blog-thumbnail_proportions":{"width":2,"height":1},"blog-thumbnail_size":"resize","bottom_bar-bg_color":"rgba(52,66,30,0)","bottom_bar-bg_image":{"image":"","repeat":"repeat","position_x":"center","position_y":"top"},"bottom_bar-collapse_after":"990px","bottom_bar-color":"#ffffff","bottom_bar-copyrights":"","bottom_bar-credits":"1","bottom_bar-enabled":"1","bottom_bar-height":"60px","bottom_bar-layout":"logo_left","bottom_bar-logo-padding":"10px 15px 10px 0px","bottom_bar-logo_hd":["\/wp-content\/uploads\/sites\/54\/2019\/07\/bottom-mobile-logo-hdpi.png",902],"bottom_bar-logo_regular":["\/wp-content\/uploads\/sites\/54\/2019\/07\/bottom-mobile-logo.png",901],"bottom_bar-menu-collapse_after":"990px","bottom_bar-padding":"10px 10px","bottom_bar-style":"solid_background","bottom_bar-text":"","breadcrumbs-typography":{"font_family":"Lato","font_size":"13","line_height":"23","text_transform":"none"},"breadcrumbs_bg_color":"rgba(255,255,255,0.2)","breadcrumbs_border_color":"rgba(130,36,227,0.2)","breadcrumbs_border_radius":"2px","breadcrumbs_border_width":"0px","breadcrumbs_margin":"8px 0px 0px 0px","breadcrumbs_padding":"0px 0px 0px 0px","buttons-color":"#81d742","buttons-color_gradient":"135deg|#13aa4a 30%|#84df31 100%","buttons-color_mode":"accent","buttons-hover_color":"#ad7816","buttons-hover_color_gradient":"135deg|#23aadd 30%|#37ce9d 100%","buttons-hover_color_mode":"color","buttons-l-icon-size":"18","buttons-l-typography":{"font_family":"Noticia Text","font_size":"18","text_transform":"uppercase"},"buttons-l_border_radius":"1px","buttons-l_font_family":"Roboto:700","buttons-l_font_size":18,"buttons-l_padding":"16px 34px 18px 34px","buttons-l_uppercase":false,"buttons-m-icon-size":"14","buttons-m-typography":{"font_family":"Noticia Text","font_size":"14","text_transform":"uppercase"},"buttons-m_border_radius":"1px","buttons-m_font_family":"Roboto:700","buttons-m_font_size":14,"buttons-m_padding":"12px 18px 12px 18px","buttons-m_uppercase":false,"buttons-s-icon-size":"12","buttons-s-typography":{"font_family":"Noticia Text","font_size":"12","text_transform":"uppercase"},"buttons-s_border_radius":"1px","buttons-s_font_family":"Roboto:700","buttons-s_font_size":12,"buttons-s_padding":"7px 14px 8px 14px","buttons-s_uppercase":false,"buttons-text_color":"#ffffff","buttons-text_color_mode":"color","buttons-text_hover_color":"#ffffff","buttons-text_hover_color_mode":"color","contact_form_message":"1","content-headers_color":"#34421e","content-links_color":"#c19434","content-primary_text_color":"#5f5d57","content-secondary_text_color":"#9a9891","custom_error_messages":"The message has not been sent. Please try again.","custom_error_messages_validation":"One or more fields have an error. Please check and try again.","custom_success_messages":"Your message has been sent.","dividers-color":"rgba(51,51,51,0.12)","filter-typography":{"font_family":"Noticia Text","font_size":"16","text_transform":"uppercase"},"fonts-big_size":{"font_size":"18px","line_height":"28px"},"fonts-font_family":"Lato","fonts-h1-typography":{"font_family":"Noticia Text","text_transform":"uppercase","responsive_font_size":{"desktop":"48px","tablet":"38px","mobile":"38px"},"responsive_line_height":{"desktop":"58px"}},"fonts-h1_font_family":"Roboto:700","fonts-h1_font_size":44,"fonts-h1_line_height":54,"fonts-h1_uppercase":false,"fonts-h2-typography":{"font_family":"Noticia Text","text_transform":"uppercase","responsive_font_size":{"desktop":"38px"},"responsive_line_height":{"desktop":"48px"}},"fonts-h2_font_family":"Roboto:700","fonts-h2_font_size":34,"fonts-h2_line_height":44,"fonts-h2_uppercase":false,"fonts-h3-typography":{"font_family":"Noticia Text","text_transform":"uppercase","responsive_font_size":{"desktop":"30px"},"responsive_line_height":{"desktop":"40px"}},"fonts-h3_font_family":"Roboto:700","fonts-h3_font_size":24,"fonts-h3_line_height":34,"fonts-h3_uppercase":false,"fonts-h4-typography":{"font_family":"Noticia Text","text_transform":"uppercase","responsive_font_size":{"desktop":"24px"},"responsive_line_height":{"desktop":"34px"}},"fonts-h4_font_family":"Roboto:700","fonts-h4_font_size":20,"fonts-h4_line_height":30,"fonts-h4_uppercase":false,"fonts-h5-typography":{"font_family":"Noticia Text","text_transform":"uppercase","responsive_font_size":{"desktop":"20px"},"responsive_line_height":{"desktop":"30px"}},"fonts-h5_font_family":"Roboto:700","fonts-h5_font_size":16,"fonts-h5_line_height":26,"fonts-h5_uppercase":false,"fonts-h6-typography":{"font_family":"Noticia Text","text_transform":"uppercase","responsive_font_size":{"desktop":"16px"},"responsive_line_height":{"desktop":"26px"}},"fonts-h6_font_family":"Roboto:700","fonts-h6_font_size":14,"fonts-h6_line_height":24,"fonts-h6_uppercase":false,"fonts-normal_size":{"font_size":"15px","line_height":"24px"},"fonts-small_size":{"font_size":"13px","line_height":"23px"},"footer-accent_text_color":"","footer-bg_color":"#34421e","footer-bg_image":{"image":"\/wp-content\/uploads\/2019\/07\/bg-art-church.png","repeat":"no-repeat","position_x":"right","position_y":"top"},"footer-collapse_after":"778px","footer-collapse_columns_after":"778px","footer-decoration":"none","footer-decoration_outline_color":"rgba(129,215,66,0.96)","footer-headers_color":"#ffffff","footer-is_fullwidth":"0","footer-layout":"1\/4+1\/2+1\/4","footer-mobile_padding":"60px 20px 0px 20px","footer-padding":"60px 50px 0px 50px","footer-paddings-columns":"25px","footer-primary_text_color":"#ffffff","footer-slide-out-mode":"0","footer-style":"solid_background","general-accent_bg_color":"#c19434","general-accent_bg_color_gradient":"135deg|#1ebbf0 30%|#39dfaa 100%","general-accent_color_mode":"color","general-album_back_button_url":"","general-album_meta_author":false,"general-album_meta_categories":false,"general-album_meta_comments":false,"general-album_meta_date":false,"general-album_meta_on":"1","general-beautiful_loading":"enabled","general-bg_color":"rgba(255,255,255,1)","general-bg_fixed":false,"general-bg_fullscreen":false,"general-bg_image":{"image":"","repeat":"repeat","position_x":"center","position_y":"top"},"general-blog_meta_author":false,"general-blog_meta_categories":false,"general-blog_meta_comments":false,"general-blog_meta_date":"1","general-blog_meta_on":"1","general-blog_meta_tags":false,"general-border_radius":"1px","general-box_width":"1340px","general-boxed_bg_color":"#f7f7f7","general-boxed_bg_fixed":"1","general-boxed_bg_fullscreen":false,"general-boxed_bg_image":{"image":"","repeat":"repeat","position_x":"left","position_y":"top"},"general-breadcrumbs_bg_color":"disabled","general-breadcrumbs_color":"#9a9891","general-breadcrumbs_font_family":"Roboto","general-breadcrumbs_font_size":13,"general-breadcrumbs_line_height":23,"general-breadcrumbs_uppercase":false,"general-content_boxes_bg_color":"rgba(247,247,247,1)","general-content_boxes_decoration":"none","general-content_boxes_decoration_outline_color":"rgba(0,0,0,0)","general-content_width":"1300px","general-custom_css":"\r\n.footer .form-fields {\r\n\tmargin-bottom: 10px;\r\n}\r\n\r\n\r\n","general-custom_loader":"","general-favicon":"\/wp-content\/uploads\/sites\/54\/2019\/07\/the7-new-fav1.gif","general-favicon_hd":"\/wp-content\/uploads\/sites\/54\/2019\/07\/the7-new-fav-hd1.gif","general-filter-font-family":"Roboto:700","general-filter-font-size":13,"general-filter-margin":"0px 20px 0px 20px","general-filter-padding":"8px 0px 8px 0px","general-filter_style":"material","general-filter_style-material-line_size":"2px","general-filter_style-minimal-border_radius":"1px","general-filter_ucase":"1","general-font_family":"Roboto:700","general-fullscreen_overlay_color":"rgba(255,255,255,1)","general-fullscreen_overlay_color_mode":"color","general-fullscreen_overlay_gradient":"135deg|#2edded 30%|#0084bb 100%","general-fullscreen_overlay_opacity":100,"general-handheld_icon-old_ipad":"","general-handheld_icon-old_iphone":"","general-handheld_icon-retina_ipad":"","general-handheld_icon-retina_iphone":"","general-images_lazy_loading":"1","general-layout":"wide","general-lightbox_arrow_size":"62px","general-lightbox_overlay_opacity":85,"general-loader_style":"double_circles","general-navigation_margin":"50px","general-next_prev_in_album":"1","general-next_prev_in_blog":"1","general-page-title-typography":{"font_family":"Noticia Text","font_size":"48","line_height":"58","text_transform":"uppercase"},"general-page_content_margin":"80px 50px 80px 50px","general-page_content_mobile_margin":"80px 20px 80px 20px","general-portfolio_meta_author":false,"general-portfolio_meta_categories":false,"general-portfolio_meta_comments":false,"general-portfolio_meta_date":false,"general-post_back_button_url":"","general-project_back_button_url":"","general-rel_posts_head_title":"Related Posts","general-rel_posts_max":6,"general-rel_projects_details":false,"general-rel_projects_excerpt":false,"general-rel_projects_info_author":false,"general-rel_projects_info_categories":false,"general-rel_projects_info_comments":false,"general-rel_projects_info_date":false,"general-rel_projects_link":false,"general-rel_projects_title":false,"general-rel_projects_zoom":false,"general-responsive":"1","general-responsive_title_height":"70px","general-responsive_title_line_height":38,"general-responsive_title_size":28,"general-show_author_in_blog":"0","general-show_back_button_in_album":"0","general-show_back_button_in_post":"0","general-show_breadcrumbs":"1","general-show_rel_posts":"1","general-show_titles":"1","general-smooth_scroll":"off","general-spinner_color":"rgba(51,51,51,0.3)","general-switch_content_paddings":"778px","general-title_align":"center","general-title_bg_color":"rgba(247,247,247,1)","general-title_bg_fullscreen":false,"general-title_bg_gradient":"0deg|#4a66d6 30%|#12b4ea 100%","general-title_bg_image":{"image":"","repeat":"repeat","position_x":"center","position_y":"center"},"general-title_bg_mode":"background","general-title_bg_overlay":false,"general-title_bg_parallax":"0","general-title_color":"#34421e","general-title_decoration":"none","general-title_decoration_line_color":"rgba(51,51,51,0.11)","general-title_decoration_line_height":"5px","general-title_decoration_line_style":"dashed","general-title_decoration_outline_color":"rgba(30,115,190,0)","general-title_decoration_outline_height":"1px","general-title_decoration_outline_style":"solid","general-title_enable_bg_img":"disabled","general-title_height":"180px","general-title_line_height":40,"general-title_overlay_color":"rgba(0,0,0,0.5)","general-title_responsive_breadcrumbs":"1","general-title_scroll_effect":"default","general-title_size":30,"general-title_uppercase":"1","general-titles-responsiveness-switch":"778px","general-titles_responsiveness":"1","header-background":"normal","header-bg-color":"rgba(255,255,255,1)","header-bg-image":{"image":"","repeat":"repeat","position_x":"center","position_y":"center"},"header-bg-is_fixed":false,"header-bg-is_fullscreen":false,"header-classic-elements":{"near_menu_right":["button"]},"header-classic-elements-near_logo-custom-icon-color":"","header-classic-elements-near_logo-custom-icon-size":16,"header-classic-elements-near_logo-font_color":"#333333","header-classic-elements-near_logo-font_family":"Roboto","header-classic-elements-near_logo-font_size":13,"header-classic-elements-near_logo-typography":{"font_family":"Roboto","font_size":"13"},"header-classic-elements-near_logo_left-padding":"0px 0px 0px 0px","header-classic-elements-near_logo_right-padding":"0px 0px 0px 0px","header-classic-elements-near_menu-custom-icon-color":"","header-classic-elements-near_menu-custom-icon-size":16,"header-classic-elements-near_menu-font_color":"#333333","header-classic-elements-near_menu-font_family":"Roboto:700","header-classic-elements-near_menu-font_size":13,"header-classic-elements-near_menu-typography":{"font_family":"Roboto:700","font_size":"13"},"header-classic-elements-near_menu_right-padding":"0px 0px 0px 40px","header-classic-height":"180px","header-classic-icons_style":"bold","header-classic-is_fullwidth":"0","header-classic-logo-position":"center","header-classic-menu-bg-color":"#ffffff","header-classic-menu-bg-style":"disabled","header-classic-menu-margin":"0px 0px","header-classic-menu-position":"center","header-classic-show_elements":"1","header-classic-side-padding":"30px 30px","header-classic-switch_paddings":"0px","header-classic_mobile_paddings":"0px 0px","header-decoration":"disabled","header-decoration-color":"rgba(51,51,51,0.11)","header-elements-button-1-bg":"disabled","header-elements-button-1-bg-color":"#ffffff","header-elements-button-1-bg-gradient":"135deg|#ffffff 30%|#000000 100%","header-elements-button-1-border-color":"disabled","header-elements-button-1-border-color-mono":"#ffffff","header-elements-button-1-border_radius":"0px","header-elements-button-1-border_width":"1px","header-elements-button-1-choose-icon":"","header-elements-button-1-first-header-switch":"near_logo","header-elements-button-1-font-family":"Roboto:700","header-elements-button-1-font-size":14,"header-elements-button-1-hover-bg":"disabled","header-elements-button-1-hover-bg-color":"#ffffff","header-elements-button-1-hover-bg-gradient":"135deg|#ffffff 30%|#000000 100%","header-elements-button-1-hover-border-color":"disabled","header-elements-button-1-hover-border-color-mono":"#ffffff","header-elements-button-1-hover-icon-color":"color","header-elements-button-1-hover-icon-color-gradient":"90deg|#ffffff 30%|#000000 100%","header-elements-button-1-hover-icon-color-mono":"#ffffff","header-elements-button-1-icon":false,"header-elements-button-1-icon-color":"color","header-elements-button-1-icon-color-gradient":"90deg|#ffffff 30%|#000000 100%","header-elements-button-1-icon-color-mono":"#ffffff","header-elements-button-1-icon-position":"right","header-elements-button-1-icon-size":14,"header-elements-button-1-icon_gap":"5px","header-elements-button-1-name":"Give","header-elements-button-1-on-desktops":"show","header-elements-button-1-padding":"10px 20px 10px 20px","header-elements-button-1-second-header-switch":"near_logo","header-elements-button-1-smooth-scroll":false,"header-elements-button-1-target":false,"header-elements-button-1-typography":{"font_family":"Roboto:700","font_size":"14"},"header-elements-button-1-url":"\/","header-elements-button-2-bg":"accent","header-elements-button-2-bg-color":"#ffffff","header-elements-button-2-bg-gradient":"135deg|#ffffff 30%|#000000 100%","header-elements-button-2-border-color":"accent","header-elements-button-2-border-color-mono":"#ffffff","header-elements-button-2-border_radius":"0px","header-elements-button-2-border_width":"1px","header-elements-button-2-choose-icon":"","header-elements-button-2-first-header-switch":"near_logo","header-elements-button-2-font-family":"Roboto:700","header-elements-button-2-font-size":14,"header-elements-button-2-hover-bg":"accent","header-elements-button-2-hover-bg-color":"#ffffff","header-elements-button-2-hover-bg-gradient":"135deg|#ffffff 30%|#000000 100%","header-elements-button-2-hover-border-color":"accent","header-elements-button-2-hover-border-color-mono":"#ffffff","header-elements-button-2-hover-icon-color":"color","header-elements-button-2-hover-icon-color-gradient":"90deg|#ffffff 30%|#000000 100%","header-elements-button-2-hover-icon-color-mono":"#ffffff","header-elements-button-2-icon":false,"header-elements-button-2-icon-color":"color","header-elements-button-2-icon-color-gradient":"90deg|#ffffff 30%|#000000 100%","header-elements-button-2-icon-color-mono":"#ffffff","header-elements-button-2-icon-position":"right","header-elements-button-2-icon-size":14,"header-elements-button-2-icon_gap":"5px","header-elements-button-2-name":"Button","header-elements-button-2-on-desktops":"show","header-elements-button-2-padding":"10px 20px 10px 20px","header-elements-button-2-second-header-switch":"in_menu","header-elements-button-2-smooth-scroll":false,"header-elements-button-2-target":false,"header-elements-button-2-typography":{"font_family":"Roboto:700","font_size":"14"},"header-elements-button-2-url":"","header-elements-button-first-header-switch":"near_logo","header-elements-button-on-desktops":"show","header-elements-button-second-header-switch":"in_menu","header-elements-contact-address-caption":"8500 Beverly Boulevard Los Angeles, CA 90048","header-elements-contact-address-custom-icon":"the7-mw-icon-address-bold","header-elements-contact-address-first-header-switch":"top_bar_left","header-elements-contact-address-icon":"custom","header-elements-contact-address-on-desktops":"show","header-elements-contact-address-second-header-switch":"hidden","header-elements-contact-address-url":"","header-elements-contact-clock-caption":"Monday \u2013 Friday 10 AM \u2013 8 PM","header-elements-contact-clock-custom-icon":"the7-mw-icon-clock-bold","header-elements-contact-clock-first-header-switch":"near_logo","header-elements-contact-clock-icon":"custom","header-elements-contact-clock-on-desktops":"show","header-elements-contact-clock-second-header-switch":"in_menu","header-elements-contact-clock-url":"","header-elements-contact-email-caption":"sales@yoursite.com","header-elements-contact-email-custom-icon":"the7-mw-icon-mail-bold","header-elements-contact-email-first-header-switch":"near_logo","header-elements-contact-email-icon":"custom","header-elements-contact-email-on-desktops":"show","header-elements-contact-email-second-header-switch":"in_menu","header-elements-contact-email-url":"","header-elements-contact-multipurpose_1-caption":"","header-elements-contact-multipurpose_1-custom-icon":"","header-elements-contact-multipurpose_1-first-header-switch":"near_logo","header-elements-contact-multipurpose_1-icon":"custom","header-elements-contact-multipurpose_1-on-desktops":"show","header-elements-contact-multipurpose_1-second-header-switch":"in_menu","header-elements-contact-multipurpose_1-url":"","header-elements-contact-multipurpose_2-caption":"","header-elements-contact-multipurpose_2-custom-icon":"","header-elements-contact-multipurpose_2-first-header-switch":"near_logo","header-elements-contact-multipurpose_2-icon":"custom","header-elements-contact-multipurpose_2-on-desktops":"show","header-elements-contact-multipurpose_2-second-header-switch":"in_menu","header-elements-contact-multipurpose_2-url":"","header-elements-contact-multipurpose_3-caption":"","header-elements-contact-multipurpose_3-custom-icon":"","header-elements-contact-multipurpose_3-first-header-switch":"near_logo","header-elements-contact-multipurpose_3-icon":"custom","header-elements-contact-multipurpose_3-on-desktops":"show","header-elements-contact-multipurpose_3-second-header-switch":"in_menu","header-elements-contact-multipurpose_3-url":"","header-elements-contact-multipurpose_4-caption":"","header-elements-contact-multipurpose_4-custom-icon":"","header-elements-contact-multipurpose_4-first-header-switch":"near_logo","header-elements-contact-multipurpose_4-icon":"custom","header-elements-contact-multipurpose_4-on-desktops":"show","header-elements-contact-multipurpose_4-second-header-switch":"in_menu","header-elements-contact-multipurpose_4-url":"","header-elements-contact-phone-caption":"011 322 44 56","header-elements-contact-phone-custom-icon":"the7-mw-icon-phone-bold","header-elements-contact-phone-first-header-switch":"top_bar_left","header-elements-contact-phone-icon":"custom","header-elements-contact-phone-on-desktops":"show","header-elements-contact-phone-second-header-switch":"in_menu","header-elements-contact-phone-url":"","header-elements-contact-skype-caption":"Your_Skype","header-elements-contact-skype-custom-icon":"the7-mw-icon-skype-bold","header-elements-contact-skype-first-header-switch":"near_logo","header-elements-contact-skype-icon":"custom","header-elements-contact-skype-on-desktops":"show","header-elements-contact-skype-second-header-switch":"in_top_bar","header-elements-contact-skype-url":"","header-elements-login-caption":"Login","header-elements-login-custom-icon":"the7-mw-icon-login-bold","header-elements-login-first-header-switch":"near_logo","header-elements-login-icon":"custom","header-elements-login-logout_url":"","header-elements-login-on-desktops":"show","header-elements-login-second-header-switch":"in_menu","header-elements-login-url":"http:\/\/themeforest.net","header-elements-login-use_logout_url":false,"header-elements-logout-caption":"Logout","header-elements-menu-first-header-switch":"near_logo","header-elements-menu-icon":"custom","header-elements-menu-on-desktops":"show","header-elements-menu-second-header-switch":"in_menu","header-elements-menu-style":"list","header-elements-menu-style-first-switch":"list","header-elements-menu-style-second-switch":"list","header-elements-menu2-first-header-switch":"near_logo","header-elements-menu2-icon":"custom","header-elements-menu2-on-desktops":"show","header-elements-menu2-second-header-switch":"in_menu","header-elements-menu2-style":"dropdown","header-elements-menu2-style-first-switch":"dropdown","header-elements-menu2-style-second-switch":"dropdown","header-elements-menu2_custom-icon":"the7-mw-icon-dropdown-menu-bold","header-elements-menu_custom-icon":"the7-mw-icon-dropdown-menu-bold","header-elements-search-by":"general","header-elements-search-caption":"","header-elements-search-first-header-switch":"near_logo","header-elements-search-icon":"custom","header-elements-search-input-caption":"Type and hit enter \u2026","header-elements-search-on-desktops":"show","header-elements-search-second-header-switch":"near_logo","header-elements-search_custom-icon":"the7-mw-icon-search-bold","header-elements-search_custom-icon-size":16,"header-elements-soc_icons":[{"icon":"facebook","url":"\/"},{"icon":"twitter","url":"\/"},{"icon":"dribbble","url":"\/"}],"header-elements-soc_icons-bg":"color","header-elements-soc_icons-bg-color":"rgba(163,164,170,0.2)","header-elements-soc_icons-bg-gradient":"135deg|#ffffff 30%|#000000 100%","header-elements-soc_icons-bg-size":"26px","header-elements-soc_icons-border":"disabled","header-elements-soc_icons-border-color":"rgba(255,255,255,1)","header-elements-soc_icons-color":"#a6a7ad","header-elements-soc_icons-first-header-switch":"top_bar_right","header-elements-soc_icons-hover-bg":"accent","header-elements-soc_icons-hover-bg-color":"rgba(21,191,230,1)","header-elements-soc_icons-hover-bg-gradient":"135deg|#ffffff 30%|#000000 100%","header-elements-soc_icons-hover-border":"disabled","header-elements-soc_icons-hover-border-color":"rgba(255,255,255,1)","header-elements-soc_icons-hover-color":"#ffffff","header-elements-soc_icons-on-desktops":"show","header-elements-soc_icons-second-header-switch":"in_menu","header-elements-soc_icons-size":"16px","header-elements-soc_icons_border_radius":"100px","header-elements-soc_icons_border_width":"0px","header-elements-soc_icons_gap":4,"header-elements-text":"Some call to action text goes here!","header-elements-text-2":"Some call to action text goes here!","header-elements-text-2-first-header-switch":"near_logo","header-elements-text-2-on-desktops":"show","header-elements-text-2-second-header-switch":"in_menu","header-elements-text-3":"Some call to action text goes here!","header-elements-text-3-first-header-switch":"near_logo","header-elements-text-3-on-desktops":"show","header-elements-text-3-second-header-switch":"in_menu","header-elements-text-4":"","header-elements-text-4-first-header-switch":"near_logo","header-elements-text-4-on-desktops":"show","header-elements-text-4-second-header-switch":"in_menu","header-elements-text-5":"","header-elements-text-5-first-header-switch":"near_logo","header-elements-text-5-on-desktops":"show","header-elements-text-5-second-header-switch":"in_menu","header-elements-text-first-header-switch":"near_logo","header-elements-text-on-desktops":"show","header-elements-text-second-header-switch":"in_menu","header-floating_navigation-active_item-font-color":"#ffffff","header-floating_navigation-active_item-font-gradient":"90deg|#ffffff 30%|#000000 100%","header-floating_navigation-bg-color":"rgba(255,255,255,1)","header-floating_navigation-bg-image":{"image":"","repeat":"repeat","position_x":"center","position_y":"center"},"header-floating_navigation-bg-is_fullscreen":false,"header-floating_navigation-decoration":"shadow","header-floating_navigation-decoration-color":"rgba(51,51,51,0.11)","header-floating_navigation-font-active":"default","header-floating_navigation-font-color":"#ffffff","header-floating_navigation-font-hover":"default","header-floating_navigation-font-normal":"default","header-floating_navigation-height":"80px","header-floating_navigation-hover-font-color":"#ffffff","header-floating_navigation-hover-font-gradient":"90deg|#ffffff 30%|#000000 100%","header-floating_navigation-show_after":"140px","header-floating_navigation-style":"fade","header-floating_navigation-top-bar":false,"header-inline-elements":{"near_menu_right":["search"]},"header-inline-elements-near_menu-custom-icon-color":"","header-inline-elements-near_menu-custom-icon-size":16,"header-inline-elements-near_menu-font_color":"#34421e","header-inline-elements-near_menu-font_family":"Roboto:700","header-inline-elements-near_menu-font_size":13,"header-inline-elements-near_menu-typography":{"font_family":"Roboto:700","font_size":"13"},"header-inline-elements-near_menu_right-padding":"0px 0px 0px 30px","header-inline-height":"100px","header-inline-icons_style":"bold","header-inline-is_fullwidth":"1","header-inline-menu-position":"right","header-inline-show_elements":"1","header-inline-side-padding":"50px 50px","header-inline-switch_paddings":"0px","header-inline_mobile_paddings":"0px 0px","header-layout":"inline","header-logo-padding":"0px 0px 0px 0px","header-logo_hd":["\/wp-content\/uploads\/sites\/54\/2020\/01\/logo-main-church-hd.png",1051],"header-logo_regular":["\/wp-content\/uploads\/sites\/54\/2020\/01\/logo-main-church.png",1050],"header-mega-menu-desc-font-color":"#333333","header-mega-menu-desc-typography":{"font_family":"Roboto","font_size":"13"},"header-mega-menu-items-padding":"0px 0px 10px 0px","header-mega-menu-submenu-bg-padding":"0px 10px 0px 10px","header-mega-menu-submenu-column-padding":"20px 10px 20px 10px","header-mega-menu-submenu-column-width":"240px","header-mega-menu-title-active_item-font-color":"#ffffff","header-mega-menu-title-active_item-font-color-style":"accent","header-mega-menu-title-active_item-font-gradient":"90deg|#ffffff 30%|#000000 100%","header-mega-menu-title-font-color":"#333333","header-mega-menu-title-hover-font-color":"#ffffff","header-mega-menu-title-hover-font-color-style":"accent","header-mega-menu-title-hover-font-gradient":"90deg|#ffffff 30%|#000000 100%","header-mega-menu-title-icon-size":16,"header-mega-menu-title-typography":{"font_family":"Roboto:700","font_size":"16","text_transform":"none"},"header-mega-menu-widget-accent-color":"","header-mega-menu-widget-font-color":"#333333","header-mega-menu-widget-title-color":"#333333","header-menu-active_item-font-color":"#34421e","header-menu-active_item-font-color-style":"color","header-menu-active_item-font-gradient":"90deg|#ffffff 30%|#000000 100%","header-menu-decoration-other-active-color":"rgba(255,255,255,0.15)","header-menu-decoration-other-active-color-style":"accent","header-menu-decoration-other-active-gradient":"135deg|rgba(255,255,255,0.15) 30%|rgba(0,0,0,0.15) 100%","header-menu-decoration-other-active-line":"0","header-menu-decoration-other-active-line-color":"rgba(130,36,227,0.3)","header-menu-decoration-other-active-line-color-style":"color","header-menu-decoration-other-active-line-gradient":"135deg|rgba(221,51,51,0.3) 30%|rgba(129,215,66,0.3) 100%","header-menu-decoration-other-active-line-opacity":30,"header-menu-decoration-other-active-opacity":15,"header-menu-decoration-other-active-style":"background","header-menu-decoration-other-border-radius":3,"header-menu-decoration-other-hover-color":"rgba(255,255,255,0.15)","header-menu-decoration-other-hover-color-style":"accent","header-menu-decoration-other-hover-gradient":"135deg|rgba(255,255,255,0.15) 30%|rgba(0,0,0,0.15) 100%","header-menu-decoration-other-hover-line":"0","header-menu-decoration-other-hover-line-color":"rgba(221,51,51,0.23)","header-menu-decoration-other-hover-line-color-style":"gradient","header-menu-decoration-other-hover-line-gradient":"135deg|rgba(255,255,255,0.23) 30%|rgba(0,0,0,0.23) 100%","header-menu-decoration-other-hover-line-opacity":23,"header-menu-decoration-other-hover-style":"background","header-menu-decoration-other-line_size":"2px","header-menu-decoration-other-links-is_justified":"1","header-menu-decoration-other-opacity":15,"header-menu-decoration-style":"underline","header-menu-decoration-underline-color":"#1e73be","header-menu-decoration-underline-color-style":"accent","header-menu-decoration-underline-direction":"downwards","header-menu-decoration-underline-gradient":"135deg|#ffffff 30%|#000000 100%","header-menu-decoration-underline-line_size":"2px","header-menu-dividers-color":"rgba(17,17,17,0.14)","header-menu-dividers-height":"24px","header-menu-dividers-height-style":"custom","header-menu-dividers-surround":"0","header-menu-font-color":"#34421e","header-menu-font-family":"Roboto:700","header-menu-font-is_capitalized":false,"header-menu-font-size":17,"header-menu-hover-font-color":"#34421e","header-menu-hover-font-color-style":"color","header-menu-hover-font-gradient":"90deg|#8224e3 30%|#751257 100%","header-menu-icon-size":14,"header-menu-item-margin":"0px 20px 0px 20px","header-menu-item-padding":"6px 0px 6px 0px","header-menu-item-surround_margins-custom-margin":"30px","header-menu-item-surround_margins-style":"disabled","header-menu-show_dividers":"0","header-menu-show_next_lvl_icons":false,"header-menu-submenu-active-bg-color":"rgba(137,92,184,0.07)","header-menu-submenu-active-bg-color-style":"accent","header-menu-submenu-active-bg-gradient":"90deg|#81d742 30%|#eeee22 100%","header-menu-submenu-active-bg-opacity":7,"header-menu-submenu-active-font-color":"#ffffff","header-menu-submenu-active-font-color-style":"accent","header-menu-submenu-active-font-gradient":"90deg|#ffffff 30%|#000000 100%","header-menu-submenu-bg-color":"#ffffff","header-menu-submenu-bg-hover":"none","header-menu-submenu-bg-padding":"10px 10px 10px 10px","header-menu-submenu-bg-width":"280px","header-menu-submenu-font-color":"#34421e","header-menu-submenu-font-family":"Roboto:500","header-menu-submenu-font-is_uppercase":false,"header-menu-submenu-font-size":13,"header-menu-submenu-hover-bg-color":"rgba(137,92,184,0.07)","header-menu-submenu-hover-bg-color-style":"accent","header-menu-submenu-hover-bg-gradient":"90deg|#81d742 30%|#eeee22 100%","header-menu-submenu-hover-bg-opacity":7,"header-menu-submenu-hover-font-color":"#895cb8","header-menu-submenu-hover-font-color-style":"accent","header-menu-submenu-hover-font-gradient":"90deg|#81d742 30%|#eeee22 100%","header-menu-submenu-icon-size":14,"header-menu-submenu-item-margin":"0px 0px 0px 0px","header-menu-submenu-item-padding":"10px 10px 10px 10px","header-menu-submenu-parent_is_clickable":"1","header-menu-submenu-show_next_lvl_icons":"1","header-menu-submenu-subtitle-font-family":"Arial:400italic","header-menu-submenu-subtitle-font-size":10,"header-menu-submenu-subtitle-typography":{"font_family":"Noticia Text","font_size":"10"},"header-menu-submenu-typography":{"font_family":"Noticia Text","font_size":"13","text_transform":"none"},"header-menu-subtitle-font-family":"Arial:400italic","header-menu-subtitle-font-size":11,"header-menu-subtitle-typography":{"font_family":"Arial:400italic","font_size":"11"},"header-menu-typography":{"font_family":"Noticia Text","font_size":"17","text_transform":"uppercase"},"header-menu_close_icon-margin":"30px 30px 30px 30px","header-menu_icon-bg-border-radius":"0px","header-menu_icon-bg-color":"rgba(255,255,255,0.75)","header-menu_icon-color":"#000000","header-menu_icon-elements":{"below_menu":["social_icons","search","phone"]},"header-menu_icon-elements-below_menu-padding":"30px 0px 0px 0px","header-menu_icon-elements-near_menu-custom-icon-color":"","header-menu_icon-elements-near_menu-custom-icon-size":16,"header-menu_icon-elements-near_menu-font_color":"#333333","header-menu_icon-elements-near_menu-font_family":"Roboto:700","header-menu_icon-elements-near_menu-font_size":14,"header-menu_icon-elements-near_menu-typography":{"font_family":"Roboto:700","font_size":"14"},"header-menu_icon-hover-bg-color":"rgba(255,255,255,0.75)","header-menu_icon-icons_style":"bold","header-menu_icon-margin":"0px 0px 0px 0px","header-menu_icon-show_elements":"1","header-menu_icon-size":"medium","header-mixed-bg-color":"rgba(255,255,255,1)","header-mixed-decoration":"shadow","header-mixed-decoration-color":"rgba(221,153,51,1)","header-mixed-floating-top-bar":false,"header-mixed-sticky-bg-color":"#000000","header-mobile-first_switch-after":"992px","header-mobile-first_switch-height":"80px","header-mobile-first_switch-layout":"right_left","header-mobile-first_switch-logo":"mobile","header-mobile-first_switch-side-padding":"50px 50px","header-mobile-floating_navigation":"sticky","header-mobile-header-bg-color":"rgba(255,255,255,1)","header-mobile-menu-align":"right","header-mobile-menu-bg-color":"rgba(255,255,255,1)","header-mobile-menu-bg-width":"300px","header-mobile-menu-font-color":"#34421e","header-mobile-menu-font-family":"Roboto:700","header-mobile-menu-font-hover-color":"#3c3e45","header-mobile-menu-font-hover-color-style":"accent","header-mobile-menu-font-hover-gradient":"90deg|#b78ce2 30%|#1e73be 100%","header-mobile-menu-font-is_capitalized":false,"header-mobile-menu-font-size":16,"header-mobile-menu-typography":{"font_family":"Noticia Text","font_size":"16","text_transform":"none"},"header-mobile-menu_icon-bg-border-radius":"0px","header-mobile-menu_icon-bg-color":"rgba(255,255,255,0)","header-mobile-menu_icon-bg-enable":"0","header-mobile-menu_icon-color":"#34421e","header-mobile-menu_icon-size":"small","header-mobile-microwidgets-custom-icon-color":"","header-mobile-microwidgets-custom-icon-size":16,"header-mobile-microwidgets-font-color":"#333333","header-mobile-microwidgets-font-family":"Roboto:700","header-mobile-microwidgets-font-size":13,"header-mobile-microwidgets-typography":{"font_family":"Roboto:700","font_size":"13"},"header-mobile-overlay-bg-color":"rgba(0,0,0,0.5)","header-mobile-second_switch-after":"778px","header-mobile-second_switch-height":"80px","header-mobile-second_switch-layout":"right_left","header-mobile-second_switch-logo":"mobile","header-mobile-second_switch-side-padding":"20px 20px","header-mobile-submenu-font-family":"Roboto:500","header-mobile-submenu-font-is_capitalized":false,"header-mobile-submenu-font-size":13,"header-mobile-submenu-typography":{"font_family":"Noticia Text","font_size":"13","text_transform":"none"},"header-overlay-content-padding":"0px 0px 0px 0px","header-overlay-content-position":"center","header-overlay-content-width":"400px","header-overlay-logo-position":"inside","header-overlay-menu-items_alignment":"center","header-overlay-menu-items_link":"textwidth","header-overlay-menu-position":"v_top","header-show_floating_navigation":"1","header-side-content-padding":"40px 40px 40px 40px","header-side-elements":{"below_menu":["search","phone","social_icons"]},"header-side-elements-below_menu-padding":"40px 0px 0px 0px","header-side-elements-near_menu-custom-icon-color":"","header-side-elements-near_menu-custom-icon-size":16,"header-side-elements-near_menu-font_color":"#333333","header-side-elements-near_menu-font_family":"Roboto Condensed:700","header-side-elements-near_menu-font_size":14,"header-side-elements-near_menu-typography":{"font_family":"Roboto Condensed:700","font_size":"14"},"header-side-icons_style":"light","header-side-logo-position":"inside","header-side-menu-items_alignment":"left","header-side-menu-items_link":"textwidth","header-side-menu-position":"v_top","header-side-menu-submenu-position":"down","header-side-position":"right","header-side-show_elements":"1","header-side-width":"300px","header-side_line-elements":{"below_menu":["social_icons","search","phone"]},"header-side_line-elements-below_menu-padding":"30px 0px 0px 0px","header-side_line-elements-near_menu-custom-icon-color":"","header-side_line-elements-near_menu-custom-icon-size":16,"header-side_line-elements-near_menu-font_color":"#333333","header-side_line-elements-near_menu-font_family":"Roboto:700","header-side_line-elements-near_menu-font_size":14,"header-side_line-elements-near_menu-typography":{"font_family":"Roboto:700","font_size":"14"},"header-side_line-icons_style":"bold","header-side_line-show_elements":"1","header-side_line-width":"60px","header-slide_out-content-padding":"40px 40px 40px 40px","header-slide_out-logo-position":"inside","header-slide_out-menu-items_alignment":"left","header-slide_out-menu-items_link":"textwidth","header-slide_out-menu-position":"v_top","header-slide_out-overlay-animation":"fade","header-slide_out-overlay-bg-color":"rgba(17,17,17,0.4)","header-slide_out-overlay-bg-color-style":"color","header-slide_out-overlay-bg-gradient":"135deg|rgba(205,183,226,0.4) 30%|rgba(130,20,130,0.4) 100%","header-slide_out-overlay-bg-opacity":40,"header-slide_out-position":"left","header-slide_out-width":"300px","header-split-elements":{"top_bar_left":["phone","address"],"top_bar_right":["social_icons"],"near_menu_left":["search"]},"header-split-elements-near_menu-custom-icon-color":"","header-split-elements-near_menu-custom-icon-size":16,"header-split-elements-near_menu-font_color":"#333333","header-split-elements-near_menu-font_family":"Roboto:700","header-split-elements-near_menu-font_size":13,"header-split-elements-near_menu-typography":{"font_family":"Roboto:700","font_size":"13"},"header-split-elements-near_menu_left-padding":"0px 20px 0px 20px","header-split-elements-near_menu_right-padding":"0px 20px 0px 20px","header-split-height":"100px","header-split-icons_style":"light","header-split-is_fullwidth":"0","header-split-menu-position":"outside","header-split-show_elements":"1","header-split-side-padding":"30px 30px","header-split-switch_paddings":"0px","header-split_mobile_paddings":"0px 0px","header-style-floating-choose_logo":"custom","header-style-floating-logo-padding":"0px 0px 0px 0px","header-style-floating-logo_hd":["\/wp-content\/uploads\/sites\/54\/2020\/01\/floating-church-hd.png",1053],"header-style-floating-logo_regular":["\/wp-content\/uploads\/sites\/54\/2020\/01\/floating-church.png",1052],"header-style-mixed-logo-padding":"0px 0px 0px 0px","header-style-mixed-logo_hd":["",0],"header-style-mixed-logo_regular":["",0],"header-style-mixed-top_line-floating-choose_logo":"custom","header-style-mixed-top_line-floating-logo-padding":"0px 0px 0px 0px","header-style-mixed-top_line-floating-logo_hd":["\/wp-content\/uploads\/sites\/54\/2018\/05\/marker-map-5.png",52161],"header-style-mixed-top_line-floating-logo_regular":["\/wp-content\/uploads\/sites\/54\/2018\/05\/marker-map-5.png",52161],"header-style-mobile-logo-padding":"0px 0px 0px 0px","header-style-mobile-logo_hd":["\/wp-content\/uploads\/sites\/54\/2020\/01\/floating-church-hd.png",1053],"header-style-mobile-logo_regular":["\/wp-content\/uploads\/sites\/54\/2020\/01\/floating-church.png",1052],"header-style-transparent-choose_logo":"custom","header-style-transparent-logo-padding":"0px 0px 0px 0px","header-style-transparent-logo_hd":["\/wp-content\/uploads\/sites\/54\/2020\/01\/logo-top-hd.png",1049],"header-style-transparent-logo_regular":["\/wp-content\/uploads\/sites\/54\/2020\/01\/logo-top.png",1048],"header-style-transparent-mobile-logo-padding":"0px 0px 0px 0px","header-style-transparent-mobile-logo_hd":["\/wp-content\/uploads\/sites\/54\/2020\/01\/mob-tr-hd.png",1054],"header-style-transparent-mobile-logo_regular":["\/wp-content\/uploads\/sites\/54\/2020\/01\/mob-tr.png",1055],"header-top_line-elements":{"top_line_right":["search","phone","social_icons"]},"header-top_line-elements-below_menu-padding":"35px 0px 0px 0px","header-top_line-elements-in_top_line-custom-icon-color":"","header-top_line-elements-in_top_line-custom-icon-size":16,"header-top_line-elements-in_top_line-font_color":"#333333","header-top_line-elements-in_top_line-font_family":"Roboto","header-top_line-elements-in_top_line-font_size":13,"header-top_line-elements-in_top_line-typography":{"font_family":"Arial","font_size":"14"},"header-top_line-elements-near_menu-custom-icon-color":"","header-top_line-elements-near_menu-custom-icon-size":16,"header-top_line-elements-near_menu-font_color":"#333333","header-top_line-elements-near_menu-font_family":"Roboto","header-top_line-elements-near_menu-font_size":13,"header-top_line-elements-near_menu-typography":{"font_family":"Roboto","font_size":"13"},"header-top_line-elements-top_line-padding":"0px 0px 0px 0px","header-top_line-elements-top_line_right-padding":"0px 0px 0px 0px","header-top_line-icons_style":"bold","header-top_line-show_elements":"1","header-top_line-side-padding":"30px 30px","header-top_line-switch_paddings":"0px","header-top_line_mobile_paddings":"0px 0px","header-transparent-mobile-first_switch-logo":"desktop","header-transparent-mobile-second_switch-logo":"mobile","header-transparent_bg_color":"rgba(238,238,34,1)","header_navigation":"slide_out","image_hover-album_miniatures_style":"style_2","image_hover-color":"rgba(255,255,255,0.3)","image_hover-color_gradient":"135deg|rgba(46,221,237,0.2) 30%|rgba(0,132,187,0.2) 100%","image_hover-color_mode":"color","image_hover-default_icon":"none","image_hover-opacity":20,"image_hover-project_icons_style":"outline","image_hover-project_rollover_color":"rgba(0,0,0,0.85)","image_hover-project_rollover_color_gradient":"135deg|rgba(46,221,237,0.85) 30%|rgba(0,132,187,0.85) 100%","image_hover-project_rollover_color_mode":"accent","image_hover-project_rollover_opacity":90,"image_hover-style":"none","input_bg_color":"rgba(253,253,253,1)","input_border_color":"rgba(51,51,51,0.12)","input_border_radius":"1px","input_border_width":"1px 1px 1px 1px","input_color":"#5f5d57","input_height":"42px","layout-menu_icon-position":"menu_icon_right","layout-menu_icon-show_floating_logo":"1","layout-side_line-position":"above","layout-side_line-v_position":"left","layout-top_line-height":"74px","layout-top_line-is_fullwidth":"1","layout-top_line-is_sticky":"1","layout-top_line-logo-position":"left","menu-mobile-microwidgets-custom-icon-color":"","menu-mobile-microwidgets-custom-icon-size":16,"menu-mobile-microwidgets-font-color":"#333333","menu-mobile-microwidgets-typography":{"font_family":"Roboto:500","font_size":"13"},"message_bg_color":"","message_color":"#ffffff","microwidgets-search-active-width":"200px","microwidgets-search-height":"34px","microwidgets-search-typography":{"font_family":"Lato","font_size":"14"},"microwidgets-search-width":"200px","microwidgets-search_bg-border-color":"#e2e2e2","microwidgets-search_bg-color":"#f4f4f4","microwidgets-search_bg_border_radius":"0px","microwidgets-search_bg_border_width":"0px","microwidgets-search_custom-icon":"the7-mw-icon-search-bold","microwidgets-search_font-color":"#5f5d57","microwidgets-search_font-family":"Roboto","microwidgets-search_font-size":14,"microwidgets-search_icon":"custom","microwidgets-search_icon-size":16,"microwidgets-search_input-padding":"12px 12px","microwidgets-search_overlay-bg":"color","microwidgets-search_overlay-bg-color":"rgba(0,0,0,0.9)","microwidgets-search_overlay-bg-gradient":"135deg|#ffffff 30%|#000000 100%","microwidgets-search_popup-bg-color":"rgba(255,255,255,1)","microwidgets-search_style":"popup","page_title-background-style-transparent-color_scheme":"light","page_title-padding":"25px 25px","post-show_fancy_categories":"1","post-show_fancy_date":"1","sidebar-bg_color":"rgba(247,247,248,0)","sidebar-bg_image":{"image":"","repeat":"repeat","position_x":"center","position_y":"center"},"sidebar-decoration":"outline","sidebar-decoration_outline_color":"rgba(0,0,0,0.06)","sidebar-distance_to_content":"50px","sidebar-divider-horizontal":"0","sidebar-divider-vertical":"1","sidebar-floating":false,"sidebar-headers_color":"#34421e","sidebar-primary_text_color":"#5f5d57","sidebar-responsiveness":"990px","sidebar-vertical_distance":"30px","sidebar-visual_style":"with_widgets_bg","sidebar-width":"350px","social_buttons-page":[],"social_buttons-page-button_title":"Share this page","social_buttons-photo":[],"social_buttons-photo-button_title":"Share this image","social_buttons-portfolio_post":[],"social_buttons-portfolio_post-button_title":"Share this post","social_buttons-post":[],"social_buttons-post-button_title":"Share this post","social_buttons-visibility":"allways","stripes-stripe_1_bg_image":{"image":"","repeat":"repeat","position_x":"center","position_y":"center"},"stripes-stripe_1_color":"#f8f8f9","stripes-stripe_1_content_boxes_bg_color":"#ffffff","stripes-stripe_1_content_boxes_bg_opacity":100,"stripes-stripe_1_content_boxes_decoration":"none","stripes-stripe_1_content_boxes_decoration_outline_color":"#dd3333","stripes-stripe_1_content_boxes_decoration_outline_opacity":100,"stripes-stripe_1_headers_color":"#3b3f4a","stripes-stripe_1_outline":"hide","stripes-stripe_1_outline_color":"#44bb70","stripes-stripe_1_outline_opacity":100,"stripes-stripe_1_text_color":"#787d85","stripes-stripe_2_bg_image":{"image":"","repeat":"repeat","position_x":"center","position_y":"center"},"stripes-stripe_2_color":"#23262d","stripes-stripe_2_content_boxes_bg_color":"#ffffff","stripes-stripe_2_content_boxes_bg_opacity":10,"stripes-stripe_2_content_boxes_decoration":"none","stripes-stripe_2_content_boxes_decoration_outline_color":"#ffffff","stripes-stripe_2_content_boxes_decoration_outline_opacity":15,"stripes-stripe_2_headers_color":"#ffffff","stripes-stripe_2_outline":"hide","stripes-stripe_2_outline_color":"#ffffff","stripes-stripe_2_outline_opacity":15,"stripes-stripe_2_text_color":"#8b9199","stripes-stripe_3_bg_image":{"image":"https:\/\/the7.io\/church\/inc\/presets\/images\/full\/skin22.stripes-stripe-3-bg-image.jpg","repeat":"repeat","position_x":"center","position_y":"center"},"stripes-stripe_3_color":"#000000","stripes-stripe_3_content_boxes_bg_color":"#ffffff","stripes-stripe_3_content_boxes_bg_opacity":10,"stripes-stripe_3_content_boxes_decoration":"none","stripes-stripe_3_content_boxes_decoration_outline_color":"#ffffff","stripes-stripe_3_content_boxes_decoration_outline_opacity":19,"stripes-stripe_3_headers_color":"#ffffff","stripes-stripe_3_outline":"hide","stripes-stripe_3_outline_color":"#252728","stripes-stripe_3_outline_opacity":100,"stripes-stripe_3_text_color":"#ffffff","template_page_id_404":0,"template_page_id_author":207,"template_page_id_author_full_content":"0","template_page_id_blog_category":207,"template_page_id_blog_category_full_content":"0","template_page_id_blog_tags":207,"template_page_id_blog_tags_full_content":"0","template_page_id_date":207,"template_page_id_date_full_content":"0","template_page_id_gallery_category":568,"template_page_id_gallery_category_full_content":"0","template_page_id_search":207,"template_page_id_search_full_content":"0","top-bar-height":"36px","top-bar-transparent_bg_color":"rgba(0,0,0,0.5)","top_bar-bg-color":"rgba(255,255,255,0)","top_bar-bg-image":{"image":"","repeat":"repeat","position_x":"center","position_y":"center"},"top_bar-bg-style":"content_line","top_bar-custom-icon-color":"","top_bar-custom-icon-size":16,"top_bar-font-color":"#aeafb5","top_bar-font-family":"Roboto:500","top_bar-font-is_capitalized":false,"top_bar-font-size":13,"top_bar-line-color":"rgba(51,51,51,0.12)","top_bar-line-in-transparent-header":false,"top_bar-line_size":"1px","top_bar-line_style":"solid","top_bar-padding":"5px 50px 5px 50px","top_bar-switch_paddings":"778px","top_bar-typography":{"font_family":"Roboto:500","font_size":"13","text_transform":"none"},"top_bar_mobile_paddings":"5px 20px 5px 20px","widgetareas":{"1":{"sidebar_name":"Default Sidebar","sidebar_desc":"Sidebar primary widget area"},"2":{"sidebar_name":"Default Footer","sidebar_desc":"Footer primary widget area"}},"header-mobile-menu_icon-caption-padding":"5px 2px 5px 2px","header-mobile-menu_icon-color-hover":"#34421e","header-mobile-menu_icon-caption_color":"#34421e","header-mobile-menu_icon-caption_color-hover":"#34421e","header-mobile-menu_icon-bg-color-hover":"rgba(255,255,255,0)","header-mobile-menu-dividers-color":"rgba(52,66,30,0.12)","header-menu_icon-caption-padding":"18px 15px 18px 15px","header-menu_close_icon-padding":"15px 15px 15px 15px","header-menu-close_icon-size":"fade_medium","header-menu_icon-color-hover":"#000000","header-menu_icon-caption_color":"#000000","header-menu_icon-caption_color-hover":"#000000","header-menu_icon-bg-color-hover":"rgba(255,255,255,0.75)","header-menu_close_icon-caption_color":"#000000","header-menu_close_icon-caption_color-hover":"#000000","header-menu_close_icon-hover-color":"#000000","header-menu_close_icon-color":"#000000","header-menu_close_icon-bg-color":"rgba(255,255,255,0.75)","header-menu_close_icon-bg-border-radius":"0px","header-mobile-menu_icon-bg-hover":"0","header-mobile-floating-bg-color":"rgba(255,255,255,1)","fonts-widget-title":{"font_family":"Noticia Text","text_transform":"uppercase","responsive_font_size":{"desktop":"20px"},"responsive_line_height":{"desktop":"30px"}},"fonts-woo-title":{"font_family":"Noticia Text","text_transform":"uppercase","responsive_font_size":{"desktop":"20px"},"responsive_line_height":{"desktop":"30px"}},"fonts-woo-content":{"font_family":"Lato","responsive_font_size":{"desktop":"18px"},"responsive_line_height":{"desktop":"28px"}},"fonts-widget-content":{"font_family":"Lato","responsive_font_size":{"desktop":"15px"},"responsive_line_height":{"desktop":"24px"}},"header-elements-woocommerce_cart-font-content":{"font_family":"Lato","responsive_font_size":{"desktop":"15px"},"responsive_line_height":{"desktop":"24px"}},"buttons-s-custom-icon-size":1,"buttons-m-custom-icon-size":1,"buttons-l-custom-icon-size":1,"buttons-lg-custom-icon-size":1,"buttons-xl-custom-icon-size":1,"button-shadow":{"color":"rgba(0, 0, 0, 0)","horizontal":"0","vertical":"0","blur":"10","spread":"0","position":"outline"},"button-shadow-hover":{"color":"rgba(0, 0, 0, 0)","horizontal":"0","vertical":"0","blur":"10","spread":"0","position":"outline"},"buttons-lg-typography":{"font_family":"Noticia Text","text_transform":"uppercase"},"buttons-xl-typography":{"font_family":"Noticia Text","text_transform":"uppercase"}},"the7_dashboard_settings":{"settings-preset":"custom","mega-menu":true,"elementor-buttons-integration":false,"elementor-theme-style":false,"elementor-zero-paragraph-last-spacing":false,"the7-icons-for-elementor":true,"legacy-elementor-theme-features":true,"deprecated_mega_menu_settings":true,"portfolio":false,"portfolio-breadcrumbs-text":"","testimonials":false,"team":true,"logos":false,"benefits":false,"albums":true,"slideshow":false},"wp_settings":{"show_on_front":"page","page_on_front":"5","page_for_posts":"0"},"widgets_settings":{"widget_media_video":{"2":{"preload":"metadata","loop":false,"content":"","mp4":"","m4v":"","webm":"","ogv":"","flv":"","attachment_id":0,"url":"","title":""},"_multiwidget":1},"widget_search":{"2":{"title":""},"_multiwidget":1},"widget_text":{"2":{"title":"Our mission","text":"Lorem ipsum dolor sit amet, consectetur adipisicing elit, sed do eiusmod tempor incididunt ut labore et dolore magna aliqua. Ut enim ad minim veniam, quis nostrud exercitation ullamco laboris nisi ut aliquip ex ea commodo consequat.\r\n\r\n<p style=\"margin-bottom: 20px;\">Consectetur adipisicing elit, sed do eiusmod tempor incididunt ut labore et dolore magna aliqua. Ut enim ad minim veniam, quis nostrud exercitation ullamco. Ut enim ad minim aute irure dolor. Phasellus sit amet nunc sed leo convallis malesuada<\/p>\r\n[dt_default_button link=\"url:https%3A%2F%2Fthe7.io%2Fchurch%2F%3Fpage_id%3D171|title:Giving||\" size=\"medium\" css=\".vc_custom_1559553257806{margin-top: 30px !important;}\"]Give today[\/dt_default_button]","filter":true,"visual":true},"_multiwidget":1},"widget_recent-posts":{"2":{"title":"","number":5},"_multiwidget":1},"widget_rss":{"1":[],"_multiwidget":1},"widget_give_forms_widget":{"2":{"title":"Give today","id":"190","display_style":"reveal","continue_button_title":"Donate now ","float_labels":"disabled","show_content":"none"},"_multiwidget":1},"widget_presscore-contact-info-widget":{"2":{"title":"Contact","text":"","links":{"facebook":"\/","twitter":"\/","you-tube":"\/","instagram":"\/"},"fields":[{"title":"Email: ","content":"info@the7church.com"},{"title":"Address: ","content":"421, Brooklyn, New York"},{"title":"Phone: ","content":"+64 4 499 0477"}]},"_multiwidget":1},"widget_presscore-contact-form-widget":{"2":{"title":"Subscribe","text":"Sign up with your email address to receive news and updates.","fields":{"name":{"on":true,"required":true},"email":{"on":true,"required":true},"telephone":{"on":false,"required":false},"country":{"on":false,"required":false},"city":{"on":false,"required":false},"company":{"on":false,"required":false},"website":{"on":false,"required":false},"message":{"on":false,"required":false}},"send_to":"","msg_height":6,"button_size":"m","button_title":"","terms":false,"terms_msg":"By using this form you agree with the storage and handling of your data by this website."},"_multiwidget":1},"widget_presscore-photos":{"2":{"title":"Gallery","order":"DESC","orderby":"date","select":"all","show":8,"cats":[],"max_width":80},"_multiwidget":1},"sidebars_widgets":{"wp_inactive_widgets":["media_video-2","9022"],"sidebar_1":{"0":"search-2","1":"recent-posts-2","3":"give_forms_widget-2","4":"presscore-photos-2"},"sidebar_2":["presscore-contact-info-widget-2","text-2","presscore-contact-form-widget-2"],"give-forms-sidebar":[],"array_version":3}},"nav_menu_locations":{"primary":2,"mobile":2},"ultimate_selected_google_fonts":[{"font_family":"Noticia+Text","font_name":"Noticia Text","variants":[{"variant_value":"italic","variant_selected":"true"},{"variant_value":"700","variant_selected":"true"},{"variant_value":"700italic","variant_selected":"true"}],"subsets":[{"subset_value":"vietnamese","subset_selected":"false"},{"subset_value":"latin","subset_selected":"true"},{"subset_value":"latin-ext","subset_selected":"false"}]}],"ultimate_icon_fonts":[],"the7_fontawesome_version":"fa4","the7_core_post_types_builder":{"post_types":[],"taxonomies":[]},"revolution_sliders":[],"vc_settings":{"use_custom":"1","vc_color":"#f7f7f7","vc_color_hover":"#F0F0F0","vc_color_call_to_action_bg":"","vc_color_google_maps_bg":"","vc_color_post_slider_caption_bg":"","vc_color_progress_bar_bg":"","vc_color_separator_border":"","vc_color_tab_bg":"","vc_color_tab_bg_active":"","margin":"0","gutter":"50","responsive_max":"768"}}